Hs-Nr.	Hochschulkurzname	Hochschulname	Adressname der Hochschule	Hochschultyp	Trägerschaft	Bundesland	Anzahl Studierende	Gründungsjahr	Promotionsrecht	Habilitationsrecht	Straße	Postleitzahl (Hausanschrift)	Ort (Hausanschrift)	Postfach	Postleitzahl (Postanschrift)	Ort (Postanschrift)	Telefonvorwahl	Telefon	Fax	Home Page	Mitglied HRK
2	Aachen FH	Fachhochschule Aachen	Fachhochschule Aachen	Fachhochschulen / HAW	öffentlich-rechtlich	Nordrhein-Westfalen	13527	1971	Nein	Nein	Bayernallee 11	52066	Aachen	100560	52005	Aachen	241	6009-0	6009-51090	http://www.fh-aachen.de	1
1	Aachen TH	Rheinisch-Westfälische Technische Hochschule Aachen	RWTH Aachen	Universitäten	öffentlich-rechtlich	Nordrhein-Westfalen	45113	1870	Ja	Ja	Templergraben 55	52062	Aachen		52056	Aachen	241	80-1	80-92312	https://www.rwth-aachen.de	1
3	Aalen H	Hochschule Aalen - Technik, Wirtschaft und Gesundheit	Hochschule Aalen	Fachhochschulen / HAW	öffentlich-rechtlich	Baden-Württemberg	4167	1962	Nein	Nein	Beethovenstraße 1	73430	Aalen	1728	73428	Aalen	7361	576-0	576-2250	http://www.hs-aalen.de	1
4	Albstadt-Sigmaringen H	Hochschule Albstadt-Sigmaringen	Hochschule Albstadt-Sigmaringen	Fachhochschulen / HAW	öffentlich-rechtlich	Baden-Württemberg	2614	1971	Nein	Nein	Anton-Günther-Straße 51	72488	Sigmaringen	1254	72481	Sigmaringen	7571	732-0	732-8229	www.hs-albsig.de	1
349	Alfter HfKuG	Alanus Hochschule für Kunst und Gesellschaft	Alanus Hochschule für Kunst und Gesellschaft	Künstlerische Hochschulen	privat, staatlich anerkannt	Nordrhein-Westfalen	1392	1973	Ja	Nein	Villestraße 3	53347	Alfter				2222	9321-0	9321-21	https://www.alanus.edu/de/home	0
280	Amberg-Weiden OTH	Ostbayerische Technische Hochschule Amberg-Weiden	Ostbayerische Technische Hochschule Amberg-Weiden	Fachhochschulen / HAW	öffentlich-rechtlich	Bayern	4205	1994	Ja, zeitlich und fachlich begrenzt	Nein	Kaiser-Wilhelm-Ring 23	92224	Amberg	1462	92204	Amberg	961	382-1133		http://www.oth-aw.de/	1
5	Anhalt H	Hochschule Anhalt - Anhalt University of Applied Sciences	Hochschule Anhalt	Fachhochschulen / HAW	öffentlich-rechtlich	Sachsen-Anhalt	6672	1991	Ja, zeitlich und fachlich begrenzt	Nein	Bernburger Straße 55	6366	Köthen	1458	6354	Köthen	3496	67-1000	67-1099	http://www.hs-anhalt.de	1
312	Ansbach H	Hochschule für angewandte Wissenschaften Ansbach	Hochschule Ansbach	Fachhochschulen / HAW	öffentlich-rechtlich	Bayern	3993	1996	Ja, zeitlich und fachlich begrenzt	Nein	Residenzstraße 8	91522	Ansbach	1963	91510	Ansbach		0981-4877-0		http://www.hs-ansbach.de	1
333	Aschaffenburg TH	Technische Hochschule Aschaffenburg	Technische Hochschule Aschaffenburg	Fachhochschulen / HAW	öffentlich-rechtlich	Bayern	3778	1995	Ja, zeitlich und fachlich begrenzt	Nein	Würzburger Straße 45	63743	Aschaffenburg				6021	4206-0	4206-600	http://www.th-ab.de	1
7	Augsburg TH	Technische Hochschule Augsburg	Technische Hochschule Augsburg	Fachhochschulen / HAW	öffentlich-rechtlich	Bayern	7511	1710	Ja, zeitlich und fachlich begrenzt	Nein	An der Hochschule 1	86161	Augsburg	110605	86031	Augsburg	821	5586-0		https://www.tha.de/	1
6	Augsburg U	Universität Augsburg	Universität Augsburg	Universitäten	öffentlich-rechtlich	Bayern	18788	1970	Ja	Ja	Universitätsstraße 2	86159	Augsburg		86135	Augsburg	821	598-0	598-5505	http://www.uni-augsburg.de	1
658	Backnang EHIP	EHIP - Europäische Hochschule für Innovation und Perspektive	EHIP - Europäische Hochschule für Innovation und Perspektive	Fachhochschulen / HAW	privat, staatlich anerkannt	Baden-Württemberg	150	2022	Nein	Nein	Willy-Brandt-Platz 2	71522	Backnang				7191	735410		https://www.ehip.eu/	0
398	Baden-Württemberg DH	Duale Hochschule Baden-Württemberg	Duale Hochschule Baden-Württemberg	Hochschulen eigenen Typs	öffentlich-rechtlich	Baden-Württemberg	33676	2009	Nein	Nein	Friedrichstraße 14.	70174	Stuttgart				711	320660-2010	320660-66	http://www.dhbw.de	1
504	Baden-Württemberg HfPol (Verw)	Hochschule für Polizei Baden-Württemberg	Hochschule für Polizei Baden-Württemberg	Verwaltungshochschule	öffentlich-rechtlich	Baden-Württemberg	2070	1979	Nein	Nein	Sturmbühlstraße 250	78054	Villingen-Schwenningen				7720	3090	3093179	https://www.hfpol-bw.de/index.php/villingen-schwenningen	0
354	Bad Homburg accadisFH	accadis Hochschule Bad Homburg	accadis Hochschule	Fachhochschulen / HAW	privat, staatlich anerkannt	Hessen	569	1980	Nein	Nein	SÜDCAMPUS Bad Homburg Am Weidenring 4	61352	Bad Homburg				6172	9842-35	9842-20	https://www.accadis.com/contact.aspx	0
434	Bad Liebenzell IHL	Internationale Hochschule Liebenzell (IHL)	Internationale Hochschule Liebenzell	Fachhochschulen / HAW	privat, staatlich anerkannt	Baden-Württemberg	318	2011	Nein	Nein	Heinrich-Coerper-Weg 11	75378	Bad Liebenzell		75375	Bad Liebenzell	7052	177299	177304	http://www.ihl.eu	0
8	Bamberg U	Otto-Friedrich-Universität Bamberg	Universität Bamberg	Universitäten	öffentlich-rechtlich	Bayern	10129	1647	Ja	Ja	Kapuzinerstr. 25	96047	Bamberg		96045	Bamberg	951	863-1422	863-1172	http://www.uni-bamberg.de/	1
339	Bayreuth HfKiM	Hochschule für evangelische Kirchenmusik der Evangelisch-Lutherischen Kirche in Bayern	Hochschule für Evangelische Kirchenmusik	Künstlerische Hochschulen	kirchlich, staatlich anerkannt	Bayern	24	2000	Nein	Nein	Wilhelminenstraße 9	95444	Bayreuth				921	75934-17	7593436	http://www.hfk-bayreuth.de	0
9	Bayreuth U	Universität Bayreuth	Universität Bayreuth	Universitäten	öffentlich-rechtlich	Bayern	11689	1972	Ja	Ja	Universitätsstraße 30	95447	Bayreuth		95440	Bayreuth	921	55-0	55-5290	http://www.uni-bayreuth.de	1
431	Berlin Akkon	Akkon-Hochschule	Akkon Hochschule	Fachhochschulen / HAW	privat, staatlich anerkannt	Berlin	1422	2009	Nein	Nein	Colditzstraße 34-36	12099	Berlin	Colditzstraße 34-36	12099		30	80923320	8092332330	https://www.akkon-hochschule.de	0
18	Berlin ASH	Alice Salomon Hochschule Berlin	Alice Salomon Hochschule Berlin	Fachhochschulen / HAW	öffentlich-rechtlich	Berlin	4206	1971	Ja, zeitlich und fachlich begrenzt	Nein	Alice-Salomon-Platz 5	12627	Berlin				30	99245-125	99245-245	http://www.ash-berlin.eu	1
389	Berlin bbw	bbw Hochschule	bbw Hochschule	Fachhochschulen / HAW	privat, staatlich anerkannt	Berlin	698	2007	Nein	Nein	Wagner-Régeny-Straße 21	12489	Berlin				30	3199095-0	3199095-55	https://www.bbw-hochschule.de	0
437	Berlin BC	Bard College Berlin, A Liberal Arts University	Bard College Berlin	Universitäten	privat, staatlich anerkannt	Berlin	286	1999	Nein	Nein	Platanenstrasse 24	13156	Berlin				30	43733-0	43733-100	http://www.berlin.bard.edu	0
15	Berlin BHT	Berliner Hochschule für Technik	Berliner Hochschule für Technik	Fachhochschulen / HAW	öffentlich-rechtlich	Berlin	12344	1971	Ja, zeitlich und fachlich begrenzt	Nein	Luxemburger Str. 10	13353	Berlin				30	4504-0		https://www.bht-berlin.de/	1
415	Berlin BSP	BSP Business and Law School - Hochschule für Management und Recht	BSP Business and Law School	Fachhochschulen / HAW	privat, staatlich anerkannt	Berlin	1939	2009	Nein	Nein	Calandrellistraße 1-9	12247	Berlin				30	7668375 100	7668375 119	https://www.businessschool-berlin.de/	0
506	Berlin CODE	CODE University of Applied Sciences	CODE University of Applied Sciences	Fachhochschulen / HAW	privat, staatlich anerkannt	Berlin	478	2017	Nein	Nein	Donaustraße 44	12043	Berlin				30	12085961		https://code.berlin/	0
516	Berlin DBU	Digital Business University of Applied Sciences	Digital Business University of Applied Sciences	Fachhochschulen / HAW	privat, staatlich anerkannt	Berlin	282	2018	Nein	Nein	Oranienstr. 185	10999	Berlin				30	40367140		https://dbuas.de/	0
383	Berlin DHGS	DHGS Deutsche Hochschule für Gesundheit und Sport	Deutsche Hochschule für Gesundheit und Sport	Fachhochschulen / HAW	privat, staatlich anerkannt	Berlin	2224	2007	Nein	Nein	Vulkanstraße 1	10367	Berlin				30	5779737800	5779737999	https://dhgs-hochschule.de	0
14	Berlin ESCP	ESCP Europe Wirtschaftshochschule Berlin e.V.	ESCP Europe Berlin	Universitäten	privat, staatlich anerkannt	Berlin	1478	1819	Ja	Nein	Heubnerweg 8-10	14059	Berlin		14059	Berlin	30	320 07 0		http://www.escp.eu	0
396	Berlin ESMT	ESMT European School of Management and Technology	ESMT European School of Management and Technology	Universitäten	privat, staatlich anerkannt	Berlin	855	2002	Ja	Nein	Schlossplatz 1	10178	Berlin				30	212310	212319	http://www.esmt.org/en/home	0
19	Berlin EvH	Evangelische Hochschule Berlin	Evangelische Hochschule Berlin	Fachhochschulen / HAW	kirchlich, staatlich anerkannt	Berlin	1624	1904	Ja, zeitlich und fachlich begrenzt	Nein	Teltower Damm 118-122	14167	Berlin	37 02 55	14132	Berlin	30	84582-0	84582-450	http://www.eh-berlin.de	1
11	Berlin FU	Freie Universität Berlin	Freie Universität Berlin	Universitäten	öffentlich-rechtlich	Berlin	43413	1948	Ja	Ja	Kaiserswerther Str. 16-18	14195	Berlin				30	838-1	838-73167	http://www.fu-berlin.de	1
728	Berlin GIU	German International University	German International University	Universitäten	privat, staatlich anerkannt	Berlin	389	2019	Ja	Nein	Am Borsigturm 162	13507	Berlin				30	4366038610		https://giu-berlin.de/	0
384	Berlin Hertie	Hertie School	Hertie School	Universitäten	privat, staatlich anerkannt	Berlin	755	2004	Ja	Nein	Quartier 110, Friedrichstraße 180	10117	Berlin				30	259 219-0	259 219-111	https://www.hertie-school.org/en/	0
21	Berlin HfM	Hochschule für Musik Hanns Eisler Berlin	Hochschule für Musik Berlin	Künstlerische Hochschulen	öffentlich-rechtlich	Berlin	554	1950	Nein	Nein	Charlottenstraße 55	10117	Berlin				30	688305-700	688305-701	http://www.hfm-berlin.de	1
23	Berlin HfS	Hochschule für Schauspielkunst Ernst Busch	Hochschule für Schauspielkunst Berlin	Künstlerische Hochschulen	öffentlich-rechtlich	Berlin	197	1905	Nein	Nein	Zinnowitzer Straße 11	10115	Berlin				30	755417-0	755417-175	http://www.hfs-berlin.de	1
390	Berlin HIU	Health Innovation University of Applied Sciences	Health Innovation University of Applied Sciences	Fachhochschulen / HAW	privat, staatlich anerkannt	Berlin	492	2007	Nein	Nein	Brebacher Weg 15, Haus 2	12683	Berlin				30	2593092-20		https://www.hi-university.de/de	0
458	Berlin HSAP	Hochschule für Soziale Arbeit und Pädagogik (HSAP) gemeinnützige Betriebsgesellschaft mbH	Hochschule für Soziale Arbeit und Pädagogik	Fachhochschulen / HAW	privat, staatlich anerkannt	Berlin	522	2013	Nein	Nein	Alt-Stralau 37-39	10245	Berlin				30	030-979913-1200		https://www.hsap.de	0
16	Berlin HTW	Hochschule für Technik und Wirtschaft Berlin	Hochschule für Technik und Wirtschaft Berlin	Fachhochschulen / HAW	öffentlich-rechtlich	Berlin	14956	1994	Ja, zeitlich und fachlich begrenzt	Nein	Treskowallee 8	10318	Berlin		10313	Berlin	30	5019-0		https://www.htw-berlin.de	1
12	Berlin HU	Humboldt-Universität zu Berlin	Humboldt-Universität zu Berlin	Universitäten	öffentlich-rechtlich	Berlin	40860	1810	Ja	Ja	Unter den Linden 6	10117	Berlin		10099	Berlin	30	2093-0	2093-20061	https://www.hu-berlin.de/studium/service	1
17	Berlin HWR	Hochschule für Wirtschaft und Recht Berlin	Hochschule für Wirtschaft und Recht Berlin	Fachhochschulen / HAW	öffentlich-rechtlich	Berlin	12184	1971	Ja, zeitlich und fachlich begrenzt	Nein	Badensche Straße 52	10825	Berlin				30	30877-		https://www.hwr-berlin.de	1
401	Berlin IPU	International Psychoanalytic University Berlin	International Psychoanalytic University	Universitäten	privat, staatlich anerkannt	Berlin	749	2009	Ja	Nein	Stromstr. 3b	10555	Berlin				30	300117-500	300117-509	https://www.ipu-berlin.de	0
24	Berlin KHS	Katholische Hochschule für Sozialwesen Berlin (KHSB) - Staatlich anerkannte Fachhochschule für Sozialwesen	Katholische Hochschule für Sozialwesen Berlin	Fachhochschulen / HAW	kirchlich, staatlich anerkannt	Berlin	1263	1991	Ja, zeitlich und fachlich begrenzt	Nein	Köpenicker Allee 39-57	10318	Berlin				30	501010-0	501010-88	http://www.khsb-berlin.de	1
353	Berlin MDH	Mediadesign Hochschule für Design und Informatik	Mediadesign Hochschule	Fachhochschulen / HAW	privat, staatlich anerkannt	Berlin	669	2004	Nein	Nein	Franklinstraße 28 - 29	10587	Berlin				30	399 266 0	399 266 15	https://www.mediadesign.de	0
448	Berlin MSB	Medical School Berlin - Hochschule für Gesundheit und Medizin (MSB)	Medical School Berlin	Fachhochschulen / HAW	privat, staatlich anerkannt	Berlin	3120	2012	Nein	Nein	Rüdesheimer Str. 50	14197	Berlin				30	7668375-600	7668375619	www.medicalschool-berlin.de	0
420	Berlin MU	MU Media University of Applied Sciences	MU Media University of Applied Sciences	Fachhochschulen / HAW	privat, staatlich anerkannt	Berlin	1809	2008	Nein	Nein	Ackerstraße 76	13355	Berlin				30	467769330		https://www.media-university.de/	0
441	Berlin PHB	Psychologische Hochschule Berlin (PHB)	Psychologische Hochschule Berlin	Universitäten	privat, staatlich anerkannt	Berlin	742	2010	Nein	Nein	Am Köllnischen Park 2	10179	Berlin				30	209166-201	030 209166 -17	http://www.psychologische-hochschule.de	0
13	Berlin TU	Technische Universität Berlin	TU Berlin	Universitäten	öffentlich-rechtlich	Berlin	34550	1879	Ja	Ja	Straße des 17. Juni 135	10623	Berlin				30	314-23922		http://www.tu.berlin	1
20	Berlin UdK	Universität der Künste Berlin	Universität der Künste Berlin	Künstlerische Hochschulen	öffentlich-rechtlich	Berlin	4422	1699	Ja	Ja	Einsteinufer 43	10587	Berlin	12 05 44	10595	Berlin	30	3185-0	3185-2659	http://www.udk-berlin.de	1
22	Berlin-Weißensee KHB	weißensee kunsthochschule berlin	weißensee kunsthochschule berlin	Künstlerische Hochschulen	öffentlich-rechtlich	Berlin	834	1946	Nein	Nein	Bühringstraße 20	13086	Berlin				30	47705-0	47705-290	http://www.kh-berlin.de	1
462	Berlin WU	Whitecliffe University of Applied Sciences	Whitecliffe University of Applied Sciences	Fachhochschulen / HAW	privat, staatlich anerkannt	Berlin	521	2014	Nein	Nein	Salzufer 6	10587	Berlin				30	81058080		http://www.berlin-international.de/	0
26	Biberach H	Hochschule Biberach - Architektur und Bauwesen, Betriebswirtschaft und Biotechnologie	Hochschule Biberach	Fachhochschulen / HAW	öffentlich-rechtlich	Baden-Württemberg	2233	1964	Nein	Nein	Karlstraße 11	88400	Biberach	1260	88382	Biberach	7351	582-0	582-119	http://www.hochschule-biberach.de	1
375	Bielefeld FHDiakonie	Fachhochschule der Diakonie - Diaconia - University of Applied Sciences	Fachhochschule der Diakonie	Fachhochschulen / HAW	kirchlich, staatlich anerkannt	Nordrhein-Westfalen	702	2006	Nein	Nein	Bethelweg 8	33617	Bielefeld				521	144-2700	144-3032	https://www.fh-diakonie.de/	0
331	Bielefeld FHM	Fachhochschule des Mittelstands (FHM)	Fachhochschule des Mittelstands	Fachhochschulen / HAW	privat, staatlich anerkannt	Nordrhein-Westfalen	5483	2000	Nein	Nein	Ravensberger Straße 10 G	33602	Bielefeld				521	9 66 55 10	9 66 55 11	http://www.fh-mittelstand.de/profil	0
28	Bielefeld H	Hochschule Bielefeld - University of Applied Sciences and Arts (HSBI)	Hochschule Bielefeld	Fachhochschulen / HAW	öffentlich-rechtlich	Nordrhein-Westfalen	9975	1971	Nein	Nein	Interaktion 1	33619	Bielefeld	101113	33511	Bielefeld	521	106-01	106-7790	https://www.hsbi.de	1
27	Bielefeld U	Universität Bielefeld	Universität Bielefeld	Universitäten	öffentlich-rechtlich	Nordrhein-Westfalen	23433	1969	Ja	Ja	Universitätsstraße 25	33615	Bielefeld	10 01 31	33501	Bielefeld	521	106-00	106-5844	http://www.uni-bielefeld.de/	1
304	Bingen TH	Technische Hochschule Bingen	Technische Hochschule Bingen	Fachhochschulen / HAW	öffentlich-rechtlich	Rheinland-Pfalz	2160	1897	Nein	Nein	Berlinstraße 109	55411	Bingen				6721	409-0	409-100	https://www.th-bingen.de/home/	1
30	Bochum H	Hochschule Bochum	Hochschule Bochum	Fachhochschulen / HAW	öffentlich-rechtlich	Nordrhein-Westfalen	9157	1971	Nein	Nein	Am Hochschulcampus 1	44801	Bochum	100741	44707	Bochum	234	36186-0		https://www.hochschule-bochum.de/	1
231	Bochum Rheinland-Westfalen-Lippe EvH	Evangelische Hochschule Rheinland-Westfalen-Lippe	Evangelische Hochschule Rheinland-Westfalen-Lippe	Fachhochschulen / HAW	kirchlich, staatlich anerkannt	Nordrhein-Westfalen	2665	1971	Nein	Nein	Immanuel-Kant-Straße 18-20	44803	Bochum				234	36901-0	36901-100	http://www.EvH-Bochum.de	1
31	Bochum TH	Technische Hochschule Georg Agricola	Technische Hochschule Georg Agricola	Fachhochschulen / HAW	privat, staatlich anerkannt	Nordrhein-Westfalen	2142	1816	Nein	Nein	Herner Straße 45	44787	Bochum	102749	44782	Bochum	234	968-02		http://www.thga.de	1
29	Bochum U	Ruhr-Universität Bochum	Universität Bochum	Universitäten	öffentlich-rechtlich	Nordrhein-Westfalen	37759	1962	Ja	Ja	Universitätsstraße 150	44801	Bochum		44801	Bochum	234	32-22435		http://www.ruhr-uni-bochum.de	1
352	Bonn HFinMan	Hochschule für Finanzwirtschaft & Management	Hochschule für Finanzwirtschaft & Management	Fachhochschulen / HAW	privat, staatlich anerkannt	Nordrhein-Westfalen	831	2003	Nein	Nein	Simrockstraße 4	53113	Bonn				228	204-9901	204-9903	http://www.s-hochschule.de	0
294	Bonn-Rhein-Sieg H	Hochschule Bonn-Rhein-Sieg, University of Applied Sciences	Hochschule Bonn-Rhein-Sieg	Fachhochschulen / HAW	öffentlich-rechtlich	Nordrhein-Westfalen	8990	1995	Nein	Nein	Grantham-Allee 20	53757	Sankt Augustin		53757	Sankt Augustin	2241	865-0	865-609	www.h-brs.de	1
32	Bonn U	Rheinische Friedrich-Wilhelms-Universität Bonn	Universität Bonn	Universitäten	öffentlich-rechtlich	Nordrhein-Westfalen	34744	1818	Ja	Ja	Regina-Pacis-Weg 3	53113	Bonn				228	73-0		http://www.uni-bonn.de	1
471	Brandenburg FHFinanz (Verw)	Fachhochschule für Finanzen Brandenburg	Fachhochschule für Finanzen Brandenburg	Verwaltungshochschule	öffentlich-rechtlich	Brandenburg	843	1991	Nein	Nein	Schillerstraße 6	15711	Königs Wusterhausen				3375	6720	672300	https://fhf.brandenburg.de/fhf/de/	0
34	Brandenburg TH	Technische Hochschule Brandenburg	Technische Hochschule Brandenburg	Fachhochschulen / HAW	öffentlich-rechtlich	Brandenburg	3211	1992	Nein	Nein	Magdeburger Straße 50	14770	Brandenburg				3381	355-0	355-199	http://www.th-brandenburg.de	1
37	Braunschweig HBK	Hochschule für Bildende Künste Braunschweig	Hochschule für Bildende Künste Braunschweig	Künstlerische Hochschulen	öffentlich-rechtlich	Niedersachsen	902	1963	Ja	Ja	Johannes-Selenka-Platz 1	38118	Braunschweig	2538	38015	Braunschweig	531	391-9122	391-9307	https://www.hbk-bs.de	1
35	Braunschweig TU	Technische Universität Braunschweig	TU Braunschweig	Universitäten	öffentlich-rechtlich	Niedersachsen	15632	1745	Ja	Ja	Universitätsplatz 2	38106	Braunschweig	33 29	38023	Braunschweig	531	391-0	391-4577	https://www.tu-braunschweig.de	1
327	Bremen CU	Constructor University	Constructor University	Universitäten	privat, staatlich anerkannt	Bremen	1693	1999	Ja	Nein	Campus Ring 1	28759	Bremen				421	200-4200	200-4113	https://constructor.university/	1
361	Bremen FernFH	APOLLON Hochschule der Gesundheitswirtschaft	APOLLON Hochschule der Gesundheitswirtschaft	Fachhochschulen / HAW	privat, staatlich anerkannt	Bremen	4409	2005	Nein	Nein	Universitätsallee 18	28359	Bremen				421	0180-2020369	378266-190	http://www.apollon-hochschule.de/redirect.php?id=32	0
40	Bremen H	Hochschule Bremen	Hochschule Bremen	Fachhochschulen / HAW	öffentlich-rechtlich	Bremen	8524	1982	Nein	Nein	Neustadtwall 30	28199	Bremen				421	5905-0	5905-2292	http://www.hs-bremen.de	1
39	Bremen HfK	Hochschule für Künste Bremen	Hochschule für Künste Bremen	Künstlerische Hochschulen	öffentlich-rechtlich	Bremen	1004	1873	Ja	Nein	Am Speicher XI 8	28217	Bremen				421	9595-1000	9595-2000	http://www.hfk-bremen.de	1
38	Bremen U	Universität Bremen	Universität Bremen	Universitäten	öffentlich-rechtlich	Bremen	17793	1971	Ja	Ja	Bibliothekstraße 1	28359	Bremen	33 04 40	28334	Bremen	421	218-1	218-4259	http://www.uni-bremen.de	1
470	Bremen VerwH (Verw)	Hochschule für Öffentliche Verwaltung Bremen	Hochschule für Öffentliche Verwaltung Bremen	Verwaltungshochschule	öffentlich-rechtlich	Bremen	666	1979	Nein	Nein	Doventorscontrescarpe 172c	28195	Bremen				421	36155296	36159906	www.hfoev.bremen.de	0
41	Bremerhaven H	Hochschule Bremerhaven	Hochschule Bremerhaven	Fachhochschulen / HAW	öffentlich-rechtlich	Bremen	2927	1975	Nein	Nein	An der Karlstadt 8	27568	Bremerhaven				471	4823-0	4823-555	http://www.hs-bremerhaven.de	1
469	Brühl HSBund (Verw)	Hochschule des Bundes für öffentliche Verwaltung	Hochschule des Bundes für öffentliche Verwaltung	Verwaltungshochschule	öffentlich-rechtlich	Nordrhein-Westfalen	8932	1979	Nein	Nein	Willy-Brandt-Straße 1	50321	Brühl	1660	50306	Brühl	228	99629-0	99629-5100	https://www.hsbund.de/	0
363	Buxtehude FH	hochschule 21	hochschule 21	Fachhochschulen / HAW	privat, staatlich anerkannt	Niedersachsen	1036	2005	Nein	Nein	Harburger Straße 6	21614	Buxtehude				4161	648-0	648-123	https://www.hs21.de	0
42	Chemnitz TU	Technische Universität Chemnitz	TU Chemnitz	Universitäten	öffentlich-rechtlich	Sachsen	8095	1836	Ja	Ja	Straße der Nationen 62	9111	Chemnitz		9107	Chemnitz	371	531-0		http://www.tu-chemnitz.de	1
43	Clausthal TU	Technische Universität Clausthal	TU Clausthal	Universitäten	öffentlich-rechtlich	Niedersachsen	2759	1775	Ja	Ja	Adolph-Roemer-Straße 2 A	38678	Clausthal-Zellerfeld	12 53	38670	Clausthal-Zellerfeld	5323	72-0	72-3500	https://www.tu-clausthal.de	1
44	Coburg H	Hochschule für angewandte Wissenschaften Coburg	Hochschule Coburg	Fachhochschulen / HAW	öffentlich-rechtlich	Bayern	4648	1814	Ja, zeitlich und fachlich begrenzt	Nein	Friedrich-Streib-Straße 2	96450	Coburg	1652	96406	Coburg	9561	317-0	317-275	https://www.hs-coburg.de/	1
45	Cottbus-Senftenberg TU	Brandenburgische Technische Universität Cottbus-Senftenberg	BTU Cottbus-Senftenberg	Universitäten	öffentlich-rechtlich	Brandenburg	7019	2013	Ja	Ja	Platz der Dt. Einheit 1	3046	Cottbus	10 13 44	3013	Cottbus	355	69-0	69-2768	http://www.b-tu.de	1
48	Darmstadt EvHH	Evangelische Hochschule Hessen	Evangelische Hochschule Hessen	Fachhochschulen / HAW	kirchlich, staatlich anerkannt	Hessen	1210	1971	Nein	Nein	Zweifalltorweg 12	64293	Darmstadt				6151	8798-0	8798-58	http://www.eh-darmstadt.de	1
47	Darmstadt H	Hochschule Darmstadt	Hochschule Darmstadt	Fachhochschulen / HAW	öffentlich-rechtlich	Hessen	14048	1876	Ja	Nein	Schöfferstraße 3	64295	Darmstadt				6151	533-5000		http://www.h-da.de/	1
46	Darmstadt TU	Technische Universität Darmstadt	TU Darmstadt	Universitäten	öffentlich-rechtlich	Hessen	24310	1877	Ja	Ja	Karolinenplatz 5	64289	Darmstadt		64277	Darmstadt	6151	16-01	16-25082	http://www.tu-darmstadt.de	1
317	Darmstadt WBH	Wilhelm Büchner Hochschule	Wilhelm Büchner Hochschule	Fachhochschulen / HAW	privat, staatlich anerkannt	Hessen	4313	1997	Nein	Nein	Hilpertstr. 31	64295	Darmstadt	10 01 64	64201	Darmstadt	6151	3842-404	3842-401	http://www.wb-fernstudium.de?referrer=hochschulkompass_portal	0
284	Deggendorf TH	Technische Hochschule Deggendorf	Technische Hochschule Deggendorf	Fachhochschulen / HAW	öffentlich-rechtlich	Bayern	8854	1994	Ja, zeitlich und fachlich begrenzt	Nein	Dieter-Görlitz-Platz 1	94469	Deggendorf	1320	94453	Deggendorf	991	3615-0	3615-297	http://www.th-deg.de	1
49	Detmold HfM	Hochschule für Musik Detmold	Hochschule für Musik Detmold	Künstlerische Hochschulen	öffentlich-rechtlich	Nordrhein-Westfalen	635	1946	Ja	Ja	Neustadt 22	32756	Detmold				5231	975-5	975-972	http://www.hfm-detmold.de/	1
52	Dortmund FH	Fachhochschule Dortmund	Fachhochschule Dortmund	Fachhochschulen / HAW	öffentlich-rechtlich	Nordrhein-Westfalen	13315	1890	Nein	Nein	Sonnenstraße 96	44139	Dortmund	10 50 18	44047	Dortmund	231	9112-0	9112-9313	http://www.fh-dortmund.de	1
285	Dortmund ISM	International School of Management	International School of Management	Fachhochschulen / HAW	privat, staatlich anerkannt	Nordrhein-Westfalen	3728	1990	Nein	Nein	Otto-Hahn-Straße 19	44227	Dortmund				231	975139-0	975139-39	https://www.ism.de	0
51	Dortmund TU	Technische Universität Dortmund	TU Dortmund	Universitäten	öffentlich-rechtlich	Nordrhein-Westfalen	29454	1968	Ja	Ja	August-Schmidt-Straße 4	44227	Dortmund		44221	Dortmund	231	755-1	755-5150	http://www.tu-dortmund.de	1
394	Dresden DIU	DIU - Dresden International University GmbH	DIU Dresden International University GmbH	Universitäten	privat, staatlich anerkannt	Sachsen	911	2003	Nein	Nein	Freiberger Straße 37	1067	Dresden				351	40470-150		https://www.di-uni.de/	0
55	Dresden EvH	Evangelische Hochschule Dresden	Evangelische Hochschule Dresden	Fachhochschulen / HAW	kirchlich, staatlich anerkannt	Sachsen	828	1991	Nein	Nein	Dürerstraße 25	1307	Dresden	20 01 43	1191	Dresden	351	46902-0	46902-99	www.ehs-dresden.de	1
56	Dresden HfBK	Hochschule für Bildende Künste Dresden	Hochschule für Bildende Künste Dresden	Künstlerische Hochschulen	öffentlich-rechtlich	Sachsen	594	1764	Ja	Nein	Güntzstraße 34	1307	Dresden	160153	1287	Dresden	351	44020	4590025	http://www.hfbk-dresden.de	1
58	Dresden HfKiM	Hochschule für Kirchenmusik der Evangelisch-Lutherischen Landeskirche Sachsens	Hochschule für Kirchenmusik Dresden	Künstlerische Hochschulen	kirchlich, staatlich anerkannt	Sachsen	22	1949	Nein	Nein	Käthe Kollwitz Ufer 97	1309	Dresden				351	31864-0	31864-22	http://www.kirchenmusik-dresden.de	0
57	Dresden HfM	Hochschule für Musik Carl Maria von Weber Dresden	Hochschule für Musik Dresden	Künstlerische Hochschulen	öffentlich-rechtlich	Sachsen	705	1856	Ja	Nein	Wettiner Platz 13	1067	Dresden	12 00 39	1001	Dresden	351	4923-600	4923-657	http://www.hfmdd.de	1
324	Dresden HfTanz	Palucca Hochschule für Tanz Dresden	Palucca Hochschule für Tanz	Künstlerische Hochschulen	öffentlich-rechtlich	Sachsen	170	1925	Nein	Nein	Basteiplatz 4	1277	Dresden				351	25906-0	25906-11	http://www.palucca.eu	1
54	Dresden HTW	Hochschule für Technik und Wirtschaft Dresden - University of Applied Sciences	Hochschule für Technik und Wirtschaft Dresden	Fachhochschulen / HAW	öffentlich-rechtlich	Sachsen	4640	1992	Nein	Nein	Friedrich-List-Platz 1	1069	Dresden	120701	1008	Dresden	351	462-2215		http://www.htw-dresden.de	1
428	Dresden PFH	Fachhochschule Dresden	Fachhochschule Dresden	Fachhochschulen / HAW	privat, staatlich anerkannt	Sachsen	426	2010	Nein	Nein	Güntzstraße 1	1069	Dresden				351	44 45 400	44 45 410	https://www.fh-dresden.eu	0
53	Dresden TU	Technische Universität Dresden	TU Dresden	Universitäten	öffentlich-rechtlich	Sachsen	27812	1828	Ja	Ja	Mommsenstraße 11	1069	Dresden		1062	Dresden	351	463-42000		https://tu-dresden.de	1
71	Duisburg-Essen U	Universität Duisburg-Essen	Universität Duisburg-Essen	Universitäten	öffentlich-rechtlich	Nordrhein-Westfalen	37567	2003	Ja	Ja	Universitätsstraße 2	45141	Essen		45117	Essen	201	183-1	183-2151	http://www.uni-due.de	1
433	Düsseldorf FliednerFH	Fliedner Fachhochschule Düsseldorf	Fliedner Fachhochschule	Fachhochschulen / HAW	privat, staatlich anerkannt	Nordrhein-Westfalen	2080	2011	Nein	Nein	Geschwister-Aufricht-Straße 9	40489	Düsseldorf				211	409 3800		http://www.fliedner-fachhochschule.de	0
60	Düsseldorf H	Hochschule Düsseldorf	Hochschule Düsseldorf	Fachhochschulen / HAW	öffentlich-rechtlich	Nordrhein-Westfalen	10820	1971	Nein	Nein	Münsterstraße 156	40476	Düsseldorf				211	4351 0		https://www.hs-duesseldorf.de/studienangebot	1
62	Düsseldorf HfM	Robert Schumann Hochschule Düsseldorf	Robert Schumann Hochschule	Künstlerische Hochschulen	öffentlich-rechtlich	Nordrhein-Westfalen	812	1935	Ja	Nein	Fischerstr. 110	40474	Düsseldorf				211	4918-0	4911618	http://www.rsh-duesseldorf.de	1
449	Düsseldorf IST	IST-Hochschule für Management	IST-Hochschule für Management	Fachhochschulen / HAW	privat, staatlich anerkannt	Nordrhein-Westfalen	4797	2012	Nein	Nein	Erkrather Str. 220 a-c	40233	Düsseldorf				211	86668-0	86668-30	https://www.ist-hochschule.de	0
61	Düsseldorf KuAk	Kunstakademie Düsseldorf	Kunstakademie Düsseldorf	Künstlerische Hochschulen	öffentlich-rechtlich	Nordrhein-Westfalen	547	1814	Ja	Nein	Eiskellerstraße 1	40213	Düsseldorf				211	1396-0	1396-225	http://www.kunstakademie-duesseldorf.de	1
59	Düsseldorf U	Heinrich-Heine-Universität Düsseldorf	Universität Düsseldorf	Universitäten	öffentlich-rechtlich	Nordrhein-Westfalen	28641	1965	Ja	Ja	Universitätsstraße 1	40225	Düsseldorf	40204			211	81-11	342229	http://www.hhu.de	1
692	Eberswalde FH Gesundheit	Hochschule für Gesundheitsfachberufe Eberswalde	Hochschule für Gesundheitsfachberufe Eberswalde	Fachhochschulen / HAW	privat, staatlich anerkannt	Brandenburg	46	2023	Nein	Nein	Schicklerstraße 20	16225	Eberswalde				3334	3819312		https://gesundheit-hochschule.de/	0
64	Eberswalde H	Hochschule für nachhaltige Entwicklung Eberswalde	Hochschule für nachhaltige Entwicklung	Fachhochschulen / HAW	öffentlich-rechtlich	Brandenburg	2280	1830	Nein	Nein	Schicklerstr. 5	16225	Eberswalde				3334	657-0	657-134	https://www.hnee.de/	1
65	Eichstätt - Ingolstadt U	Katholische Universität Eichstätt - Ingolstadt	Katholische Universität Eichstätt - Ingolstadt	Universitäten	kirchlich, staatlich anerkannt	Bayern	4854	1980	Ja	Ja	Ostenstraße 26	85072	Eichstätt		85071	Eichstätt	8421	932- 33 00		http://www.ku.de	1
220	Elmshorn FH Nordakademie	NORDAKADEMIE Hochschule der Wirtschaft	NORDAKADEMIE Hochschule der Wirtschaft	Fachhochschulen / HAW	privat, staatlich anerkannt	Schleswig-Holstein	2506	1992	Nein	Nein	Köllner Chaussee 11	25337	Elmshorn				4121	4090-0	4090-40	https://www.nordakademie.de	0
407	Elstal ThH	Theologische Hochschule Elstal	Theologische Hochschule Elstal	Fachhochschulen / HAW	kirchlich, staatlich anerkannt	Brandenburg	38	1880	Nein	Nein	Johann-Gerhard-Oncken-Straße 7	14641	Wustermark				33234	74306	74309	http://www.th-elstal.de/	0
405	Emden/Leer H	Hochschule Emden/Leer	Hochschule Emden/ Leer	Fachhochschulen / HAW	öffentlich-rechtlich	Niedersachsen	3777	2009	Nein	Nein	Constantiaplatz 4	26723	Emden				4921	807-0	807-1000	http://www.hs-emden-leer.de/	1
67	Erfurt FH	Fachhochschule Erfurt	Fachhochschule Erfurt	Fachhochschulen / HAW	öffentlich-rechtlich	Thüringen	4000	1991	Nein	Nein	Altonaer Straße 25	99085	Erfurt	45 01 55	99051	Erfurt	361	6700-0	6700-703	http://www.fh-erfurt.de	1
517	Erfurt HMU	HMU Health and Medical University	HMU Health and Medical University	Hochschulen eigenen Typs	privat, staatlich anerkannt	Thüringen	1850	2023	Nein	Nein	Villa Marienhaus, Dalbergsweg 5	99084	Erfurt				361	213 06 60		https://www.health-and-medical-university-erfurt.de	0
329	Erfurt IU	IU Internationale Hochschule	IU Internationale Hochschule	Fachhochschulen / HAW	privat, staatlich anerkannt	Thüringen	124244	1998	Nein	Nein	Juri-Gagarin-Ring 152	99084	Erfurt				30	31198810		https://iu.prf.hn/click/camref:1011lkmfr/creativeref:1011l63929	1
66	Erfurt U	Universität Erfurt	Universität Erfurt	Universitäten	öffentlich-rechtlich	Thüringen	5477	1994	Ja	Ja	Nordhäuser Straße 63	99089	Erfurt	900221	99105	Erfurt	361	737-0	737-5029	http://www.uni-erfurt.de	1
70	Erlangen-Nürnberg U	Friedrich-Alexander-Universität Erlangen-Nürnberg	FAU Erlangen-Nürnberg	Universitäten	öffentlich-rechtlich	Bayern	40382	1743	Ja	Ja	Freyeslebenstraße 1	91058	Erlangen	3520	91023	Erlangen	9131	85-0	85-22131	http://www.fau.de	1
286	Essen FOM	FOM Hochschule für Oekonomie & Management - University of Applied Sciences	FOM Hochschule für Oekonomie & Management	Fachhochschulen / HAW	privat, staatlich anerkannt	Nordrhein-Westfalen	45369	1993	Nein	Nein	Leimkugelstraße 6	45141	Essen				201	81004-0	81004-180	https://www.fom.de	0
454	Essen HBK	Hochschule der bildenden Künste (HBK) Essen	Hochschule der bildenden Künste Essen	Künstlerische Hochschulen	privat, staatlich anerkannt	Nordrhein-Westfalen	317	2013	Nein	Nein	Prinz-Friedrich-Str. 28 A	45257	Essen	15 01 19	45241	Essen	201	95989800	95989801	http://hbk-essen.de/	0
72	Essen UdK	Folkwang Universität der Künste	Folkwang Universität der Künste	Künstlerische Hochschulen	öffentlich-rechtlich	Nordrhein-Westfalen	1615	1927	Ja	Ja	Klemensborn 39	45239	Essen	164428	45224	Essen	201	4903-0	4903-288	http://www.folkwang-uni.de	1
73	Esslingen H	Hochschule Esslingen	Hochschule Esslingen	Fachhochschulen / HAW	öffentlich-rechtlich	Baden-Württemberg	6004	1868	Nein	Nein	Kanalstraße 33	73728	Esslingen				711	397-49	397-3100	http://www.hs-esslingen.de	1
447	Ewersbach ThH	Theologische Hochschule Ewersbach	Theologische Hochschule Ewersbach	Fachhochschulen / HAW	kirchlich, staatlich anerkannt	Hessen	60	1912	Nein	Nein	Jahnstraße 49-53	35716	Dietzhölztal				2774	929-0	929-120	http://th-ewersbach.de	0
77	Flensburg H	Hochschule Flensburg	Hochschule Flensburg	Fachhochschulen / HAW	öffentlich-rechtlich	Schleswig-Holstein	2991	1886	Nein	Nein	Kanzleistraße 91-93	24943	Flensburg	1561	24905	Flensburg	461	805-01	805-1300	http://www.hs-flensburg.de	1
76	Flensburg U	Europa-Universität Flensburg	Europa-Universität Flensburg	Universitäten	öffentlich-rechtlich	Schleswig-Holstein	5795	1946	Ja	Ja	Auf dem Campus 1	24943	Flensburg				461	805-2800		http://www.uni-flensburg.de	1
79	Frankfurt am Main FH	Frankfurt University of Applied Sciences	Frankfurt University of Applied Sciences	Fachhochschulen / HAW	öffentlich-rechtlich	Hessen	15255	1971	Ja	Nein	Nibelungenplatz 1	60318	Frankfurt am Main				69	1533-0	1533-2400	https://www.frankfurt-university.de/	1
83	Frankfurt am Main FSFM	Frankfurt School of Finance & Management	Frankfurt School of Finance & Management	Universitäten	privat, staatlich anerkannt	Hessen	4391	1990	Ja	Nein	Adickesallee 32-34	60322	Frankfurt am Main	10 03 41	60003	Frankfurt am Main	69	154008-0	154008-650	http://www.frankfurt-school.de/home	0
80	Frankfurt am Main HfBK	Hochschule für Bildende Künste (Städelschule)	Hochschule für Bildende Künste	Künstlerische Hochschulen	öffentlich-rechtlich	Hessen	150	1817	Nein	Nein	Dürerstraße 10	60596	Frankfurt am Main				69	605008-0	605008-66	http://www.staedelschule.de	1
81	Frankfurt am Main HfM	Hochschule für Musik und Darstellende Kunst Frankfurt am Main	Hochschule für Musik und Darstellende Kunst Frankfurt am Main	Künstlerische Hochschulen	öffentlich-rechtlich	Hessen	940	1878	Ja	Nein	Eschersheimer Landstraße 29-39	60322	Frankfurt am Main				69	154007-0	154007-108	https://www.hfmdk-frankfurt.de	1
82	Frankfurt am Main PhThH	Philosophisch-Theologische Hochschule Sankt Georgen Frankfurt am Main	Philosophisch-Theologische Hochschule Frankfurt am Main	Universitäten	kirchlich, staatlich anerkannt	Hessen	226	1926	Ja	Ja	Offenbacher Landstraße 224	60599	Frankfurt am Main				69	6061-219	6061-307	http://www.sankt-georgen.de	1
657	Frankfurt am Main ToU	Tomorrow University of Applied Sciences	Tomorrow University of Applied Sciences	Fachhochschulen / HAW	privat, staatlich anerkannt	Hessen	272	2021	Nein	Nein	Platz der Einheit 2	60327	Frankfurt am Main				152	4403509		https://www.tomorrow-university	0
78	Frankfurt am Main U	Johann Wolfgang Goethe-Universität, Frankfurt am Main	Universität Frankfurt am Main	Universitäten	öffentlich-rechtlich	Hessen	40954	1914	Ja	Ja	Theodor-W.-Adorno-Platz 1	60323	Frankfurt am Main	111932	60054	Frankfurt am Main	69	798-0	798-18383	http://www.uni-frankfurt.de	1
524	Frankfurt am Main UoL	University of Labour	University of Labour	Fachhochschulen / HAW	privat, staatlich anerkannt	Hessen	73	2021	Nein	Nein	Eschersheimer Landstr. 155-157	60323	Frankfurt am Main				69	905503 780	905503 789	https://www.university-of-labour.de/	0
84	Frankfurt (Oder) U	Europa-Universität Viadrina Frankfurt (Oder)	Europa-Universität Viadrina Frankfurt (Oder)	Universitäten	öffentlich-rechtlich	Brandenburg	3934	1991	Ja	Ja	Große Scharrnstraße 59	15230	Frankfurt (Oder)				335	5534 4444		https://www.europa-uni.de/de/studium/informieren-orientieren/index.html	1
85	Freiberg TUBergAk	Technische Universität Bergakademie Freiberg	TU Bergakademie Freiberg	Universitäten	öffentlich-rechtlich	Sachsen	4383	1765	Ja	Ja	Akademiestraße 6	9599	Freiberg		9596	Freiberg	3731	39-0	22195	http://tu-freiberg.de	1
89	Freiburg EvHS	Evangelische Hochschule Freiburg, staatlich anerkannte Hochschule der Evangelischen Landeskirche in Baden	Evangelische Hochschule Freiburg	Fachhochschulen / HAW	kirchlich, staatlich anerkannt	Baden-Württemberg	900	1971	Nein	Nein	Bugginger Straße 38	79114	Freiburg		79114	Freiburg	761	47812-290		https://www.eh-freiburg.de	1
90	Freiburg HfM	Hochschule für Musik Freiburg im Breisgau	Hochschule für Musik Freiburg	Künstlerische Hochschulen	öffentlich-rechtlich	Baden-Württemberg	631	1946	Ja	Ja	Mendelssohn-Bartholdy-Platz 1	79102	Freiburg		79095	Freiburg	761	31915-0	31915-42	https://www.mh-freiburg.de	1
88	Freiburg KathHS	Katholische Hochschule Freiburg, staatlich anerkannte Hochschule - Catholic University of Applied Sciences	Katholische Hochschule Freiburg	Fachhochschulen / HAW	kirchlich, staatlich anerkannt	Baden-Württemberg	1788	1971	Nein	Nein	Karlstraße 63	79104	Freiburg				761	200-1400		www.kh-freiburg.de	1
87	Freiburg PH	Pädagogische Hochschule Freiburg	Pädagogische Hochschule Freiburg	Universitäten	öffentlich-rechtlich	Baden-Württemberg	5125	1962	Ja	Ja	Kunzenweg 21	79117	Freiburg		79117	Freiburg	761	682-333	682-402	http://www.ph-freiburg.de	1
86	Freiburg U	Albert-Ludwigs-Universität Freiburg im Breisgau	Universität Freiburg im Breisgau	Universitäten	öffentlich-rechtlich	Baden-Württemberg	24135	1457	Ja	Ja	Fahnenbergplatz	79085	Freiburg		79085	Freiburg	761	203-0	203-8866	https://www.uni-freiburg.de	1
91	Friedensau ThH	Theologische Hochschule Friedensau	Theologische Hochschule Friedensau	Universitäten	kirchlich, staatlich anerkannt	Sachsen-Anhalt	194	1899	Nein	Nein	An der Ihle 19	39291	Friedensau				3921	916-0	916-120	https://www.thh-friedensau.de/	0
351	Friedrichshafen ZU	Zeppelin Universität - Hochschule zwischen Wirtschaft, Kultur und Politik	Zeppelin Universität	Universitäten	privat, staatlich anerkannt	Baden-Württemberg	506	2003	Ja	Ja	Am Seemoser Horn 20	88045	Friedrichshafen				7541	6009-2000		http://www.zu.de	0
92	Fulda H	Hochschule Fulda - University of Applied Sciences	Hochschule Fulda	Fachhochschulen / HAW	öffentlich-rechtlich	Hessen	8949	1974	Ja	Nein	Leipziger Straße 123	36037	Fulda	22 54	36012	Fulda	661	9640-0	9640-1229	www.hs-fulda.de	1
93	Fulda ThFak	Theologische Fakultät Fulda	Theologische Fakultät Fulda	Universitäten	kirchlich, staatlich anerkannt	Hessen	10	1734	Ja	Ja	Eduard-Schick-Platz 2	36037	Fulda				661	87-220	87-224	http://www.thf-fulda.de	1
94	Furtwangen H	Hochschule Furtwangen - Informatik, Technik, Wirtschaft, Medien, Gesundheit	Hochschule Furtwangen	Fachhochschulen / HAW	öffentlich-rechtlich	Baden-Württemberg	4674	1850	Nein	Nein	Robert-Gerwig-Platz 1	78120	Furtwangen	1152	78113	Furtwangen	7723	920-0	920-1109	http://www.hs-furtwangen.de	1
446	Geisenheim H	Hochschule Geisenheim	Hochschule Geisenheim	Hochschulen eigenen Typs	öffentlich-rechtlich	Hessen	1428	2013	Ja	Nein	Von-Lade-Straße 1	65366	Geisenheim				6722	502-0	502-212	https://www.hs-geisenheim.de	1
487	Gera-Eisenach DH	Duale Hochschule Gera-Eisenach	Duale Hochschule Gera-Eisenach	Hochschulen eigenen Typs	öffentlich-rechtlich	Thüringen	1474	2016	Nein	Nein	Weg der Freundschaft 4	7546	Gera				365	43410	4341103	https://www.dhge.de/	1
96	Giessen U	Justus-Liebig-Universität Gießen	Universität Giessen	Universitäten	öffentlich-rechtlich	Hessen	24698	1607	Ja	Ja	Ludwigstraße 23	35390	Gießen	11 14 40	35359	Gießen	641	99-0	99-12259	http://www.uni-giessen.de	1
299	Göttingen PFH	PFH - Private Hochschule Göttingen	Private Hochschule Göttingen	Fachhochschulen / HAW	privat, staatlich anerkannt	Niedersachsen	4315	1995	Nein	Nein	Weender Landstr. 3-7	37073	Göttingen				551	54700-600	54700-190	www.pfh.de	0
98	Göttingen U	Georg-August-Universität Göttingen	Universität Göttingen	Universitäten	öffentlich-rechtlich	Niedersachsen	26824	1737	Ja	Ja	Wilhelmsplatz 1	37073	Göttingen	3744	37027	Göttingen	551	39-0	39-4135	http://www.uni-goettingen.de	1
99	Greifswald U	Universität Greifswald	Universität Greifswald	Universitäten	öffentlich-rechtlich	Mecklenburg-Vorpommern	9868	1456	Ja	Ja	Domstraße 11	17489	Greifswald				3834	420 0	420 1105	http://www.uni-greifswald.de	1
100	Hagen FernU	FernUniversität in Hagen	FernUniversität in Hagen	Universitäten	öffentlich-rechtlich	Nordrhein-Westfalen	63410	1974	Ja	Ja	Universitätsstraße 47	58097	Hagen		58084	Hagen	2331	987-2444	987-1739	https://www.fernuni-hagen.de	1
103	Halle HfKiM	Evangelische Hochschule für Kirchenmusik	Evangelische Hochschule für Kirchenmusik Halle	Künstlerische Hochschulen	kirchlich, staatlich anerkannt	Sachsen-Anhalt	52	1926	Nein	Nein	Kleine Ulrichstraße 35	6108	Halle				345	21969-0	21969-29	http://www.ehk-halle.de	0
102	Halle KuH	Burg Giebichenstein Kunsthochschule Halle	Burg Giebichenstein Kunsthochschule	Künstlerische Hochschulen	öffentlich-rechtlich	Sachsen-Anhalt	1249	1915	Ja	Nein	Neuwerk 7	6108	Halle	20 02 52	6003	Halle	345	7751-50	7751-569	http://www.burg-halle.de	1
101	Halle-Wittenberg U	Martin-Luther-Universität Halle-Wittenberg	Universität Halle-Wittenberg	Universitäten	öffentlich-rechtlich	Sachsen-Anhalt	18727	1502	Ja	Ja	Universitätsplatz 11	6108	Halle				345	55-21308	55-27052	www.uni-halle.de	1
519	Hamburg BHH	Berufliche Hochschule Hamburg (BHH)	Berufliche Hochschule Hamburg (BHH)	Hochschulen eigenen Typs	öffentlich-rechtlich	Hamburg	524	2020	Nein	Nein	Ausschläger Weg 11	20537	Hamburg				40	428791-199		https://bhh.de/	0
326	Hamburg BLS	Bucerius Law School, Hochschule für Rechtswissenschaft	Bucerius Law School	Universitäten	privat, staatlich anerkannt	Hamburg	688	2000	Ja	Ja	Jungiusstraße 6	20355	Hamburg	30 10 30	20304	Hamburg	40	30706-0	30706-145	https://www.law-school.de	1
350	Hamburg EFH	Europäische Fernhochschule Hamburg	Europäische Fernhochschule Hamburg	Fachhochschulen / HAW	privat, staatlich anerkannt	Hamburg	10610	2003	Nein	Nein	Doberaner Weg 20	22143	Hamburg				40	67570-700	67570-710	http://www.euro-fh.de	0
108	Hamburg EvH	Evangelische Hochschule für Soziale Arbeit & Diakonie	Evangelische Hochschule für Soziale Arbeit & Diakonie Hamburg	Fachhochschulen / HAW	kirchlich, staatlich anerkannt	Hamburg	744	1971	Nein	Nein	Horner Weg 170	22111	Hamburg				40	65591-181	65591-228	http://www.ev-hochschule-hh.de	1
316	Hamburg FernH	Hamburger Fern-Hochschule, gemeinnützige GmbH	HFH Hamburger Fern-Hochschule	Fachhochschulen / HAW	privat, staatlich anerkannt	Hamburg	14265	1997	Nein	Nein	Alter Teichweg 19	22081	Hamburg		22081	Hamburg	40	35094360	4035094-310	https://www.hfh-fernstudium.de	0
422	Hamburg FHBrand	Brand University of Applied Sciences	Brand University of Applied Sciences	Fachhochschulen / HAW	privat, staatlich anerkannt	Hamburg	259	2010	Nein	Nein	Lilienstraße 5-9	20095	Hamburg				40	380 893 560		https://www.brand-university.de/	0
107	Hamburg HAW	Hochschule für Angewandte Wissenschaften Hamburg	Hochschule für Angewandte Wissenschaften Hamburg	Fachhochschulen / HAW	öffentlich-rechtlich	Hamburg	16422	1970	Ja, zeitlich und fachlich begrenzt	Nein	Berliner Tor 5	20099	Hamburg	10 20 31	20014	Hamburg	40	42875-9898	42875-9149	https://www.haw-hamburg.de	1
362	Hamburg HCU	HafenCity Universität Hamburg	HafenCity Universität Hamburg	Universitäten	öffentlich-rechtlich	Hamburg	2461	2006	Ja	Ja	Henning-Voscherau-Platz 1	20457	Hamburg				40	300 880-5354		http://www.hcu-hamburg.de	1
109	Hamburg HfBK	Hochschule für Bildende Künste Hamburg	Hochschule für Bildende Künste Hamburg	Künstlerische Hochschulen	öffentlich-rechtlich	Hamburg	971	1767	Ja	Nein	Lerchenfeld 2	22081	Hamburg				40	238582-0		http://www.hfbk-hamburg.de	1
110	Hamburg HfM	Hochschule für Musik und Theater Hamburg	Hochschule für Musik und Theater Hamburg	Künstlerische Hochschulen	öffentlich-rechtlich	Hamburg	1401	1950	Ja	Nein	Harvestehuder Weg 12	20148	Hamburg				40	42848-201	42848-2666	http://www.hfmt-hamburg.de	1
358	Hamburg HSBA	HSBA Hamburg School of Business Administration	Hamburg School of Business Administration	Fachhochschulen / HAW	privat, staatlich anerkannt	Hamburg	1054	2004	Nein	Nein	Willy-Brandt-Straße 75	20459	Hamburg				40	822160-900		https://www.hsba.de	0
429	Hamburg KLU	Kühne Logistics University - Wissenschaftliche Hochschule für Logistik und Unternehmensführung	Kühne Logistics University	Universitäten	privat, staatlich anerkannt	Hamburg	284	2010	Ja	Nein	Großer Grasbrook 17	20457	Hamburg		20457	Hamburg	40	328707-0	328707-109	www.klu.org	0
421	Hamburg MSH	MSH Medical School Hamburg - University of Applied Sciences and Medical University	Medical School Hamburg	Hochschulen eigenen Typs	privat, staatlich anerkannt	Hamburg	5512	2009	Nein	Nein	Am Kaiserkai 1	20457	Hamburg		20457	Hamburg	40	36122640	361226430	http://www.medicalschool-hamburg.de	0
460	Hamburg NBS	NBS Northern Business School – University of Applied Sciences	Northern Business School	Fachhochschulen / HAW	privat, staatlich anerkannt	Hamburg	871	2007	Nein	Nein	Wandbeker Marktstraße 103-107	22041	Hamburg				40	35700340	35700343	http://www.nbs.de	0
105	Hamburg TU	Technische Universität Hamburg	TU Hamburg	Universitäten	öffentlich-rechtlich	Hamburg	8473	1978	Ja	Ja	Am Schwarzenberg-Campus 3 (E)	21073	Hamburg				40	42878-0		http://www.tuhh.de/	1
104	Hamburg U	Universität Hamburg	Universität Hamburg	Universitäten	öffentlich-rechtlich	Hamburg	42193	1919	Ja	Ja	Mittelweg 177	20148	Hamburg				40	42838-7000		http://www.uni-hamburg.de	1
106	Hamburg UBw	Helmut-Schmidt-Universität/Universität der Bundeswehr Hamburg	Helmut-Schmidt-Universität/ Universität der Bundeswehr	Universitäten	öffentlich-rechtlich	Hamburg	2461	1972	Ja	Ja	Holstenhofweg 85	22043	Hamburg	70 08 22	22039	Hamburg	40	6541-0		http://www.hsu-hh.de	1
399	Hamm-Lippstadt H	Hochschule Hamm-Lippstadt	Hochschule Hamm-Lippstadt	Fachhochschulen / HAW	öffentlich-rechtlich	Nordrhein-Westfalen	4341	2009	Nein	Nein	Marker Allee 76-78	59063	Hamm				2381	8789-234		http://www.hshl.de	1
311	Hannover FHDW	Fachhochschule für die Wirtschaft Hannover	Fachhochschule für die Wirtschaft Hannover	Fachhochschulen / HAW	privat, staatlich anerkannt	Niedersachsen	615	1996	Nein	Nein	Freundallee 15	30173	Hannover				511	28483-70	28483-72	http://www.fhdw-hannover.de/	0
115	Hannover H	Hochschule Hannover	Hochschule Hannover	Fachhochschulen / HAW	öffentlich-rechtlich	Niedersachsen	8441	1971	Nein	Nein	Expo Plaza 4	30539	Hannover	721154	30531	Hannover	511	9296-0	9296-1010	https://www.hs-hannover.de	1
117	Hannover HfMTM	Hochschule für Musik, Theater und Medien Hannover	Hochschule für Musik, Theater und Medien Hannover	Künstlerische Hochschulen	öffentlich-rechtlich	Niedersachsen	1365	1897	Ja	Ja	Neues Haus 1	30175	Hannover				511	3100-200	3100-7200	http://www.hmtm-hannover.de	1
439	Hannover LeibnizFH	Leibniz-Fachhochschule	Leibniz-Fachhochschule Hannover	Fachhochschulen / HAW	privat, staatlich anerkannt	Niedersachsen	621	1920	Nein	Nein	Expo Plaza 11	30539	Hannover				511	95784-12	95784-13	http://www.leibniz-fh.de	0
112	Hannover MedH	Medizinische Hochschule Hannover (MHH)	Medizinische Hochschule Hannover	Universitäten	öffentlich-rechtlich	Niedersachsen	4030	1963	Ja	Ja	Carl-Neuberg-Str. 1	30625	Hannover		30623	Hannover	511	532-0	532-5550	http://www.mh-hannover.de	1
113	Hannover TiHo	Stiftung Tierärztliche Hochschule Hannover	Tierärztliche Hochschule Hannover	Universitäten	öffentlich-rechtlich	Niedersachsen	2331	1778	Ja	Ja	Bünteweg 2	30559	Hannover	71 11 80	30545	Hannover	511	953-60	953-8050	http://www.tiho-hannover.de	1
114	Hannover U	Gottfried Wilhelm Leibniz Universität Hannover	Leibniz Universität Hannover	Universitäten	öffentlich-rechtlich	Niedersachsen	26074	1831	Ja	Ja	Welfengarten 1	30167	Hannover	6009	30060	Hannover	511	762-0	762-3456	http://www.uni-hannover.de	1
118	Harz H	Hochschule Harz, Hochschule für angewandte Wissenschaften (FH)	Hochschule Harz	Fachhochschulen / HAW	öffentlich-rechtlich	Sachsen-Anhalt	2779	1991	Ja, zeitlich und fachlich begrenzt	Nein	Friedrichstraße 57-59	38855	Wernigerode				3943	659-0	659-109	http://www.hs-harz.de	1
121	Heidelberg HfJS	Hochschule für Jüdische Studien Heidelberg	Hochschule für Jüdische Studien	Universitäten	privat, staatlich anerkannt	Baden-Württemberg	114	1979	Ja	Nein	Landfriedstraße 12	69117	Heidelberg				6221	5419200	5419209	http://www.hfjs.eu	1
124	Heidelberg HfKiM	Hochschule für Kirchenmusik der Evangelischen Landeskirche in Baden	Hochschule für Kirchenmusik Heidelberg	Künstlerische Hochschulen	kirchlich, staatlich anerkannt	Baden-Württemberg	32	1931	Nein	Nein	Hildastr. 8	69115	Heidelberg				6221	27062	21876	http://www.hfk-heidelberg.de	0
440	Heidelberg HFresen	Hochschule Fresenius Heidelberg – staatlich anerkannte Hochschule der Hochschule Fresenius für Internationales Management GmbH	Hochschule Fresenius Heidelberg	Fachhochschulen / HAW	privat, staatlich anerkannt	Baden-Württemberg	582	2012	Nein	Nein	Sickingenstraße 63-65	69126	Heidelberg				6221	6442-0	6442-42	https://www.hs-fresenius.de/standort/heidelberg/?crmid=aBbWvOcDeBjAaAaA	0
120	Heidelberg PH	Pädagogische Hochschule Heidelberg	Pädagogische Hochschule Heidelberg	Universitäten	öffentlich-rechtlich	Baden-Württemberg	5254	1904	Ja	Ja	Keplerstraße 87	69120	Heidelberg	104240	69032	Heidelberg	6221	477-0	477-432	http://www.ph-heidelberg.de	1
122	Heidelberg SRH	SRH University of Applied Sciences Heidelberg	SRH Heidelberg	Fachhochschulen / HAW	privat, staatlich anerkannt	Baden-Württemberg	8852	1969	Nein	Nein	Ludwig-Guttmann-Str. 6	69123	Heidelberg	10 14 09	69004	Heidelberg	3051	5650200		https://www.srh-university.de/de/	1
119	Heidelberg U	Ruprecht-Karls-Universität Heidelberg	Universität Heidelberg	Universitäten	öffentlich-rechtlich	Baden-Württemberg	30603	1386	Ja	Ja	Seminarstraße 2	69117	Heidelberg	105760	69047	Heidelberg	6221	54-0		http://www.uni-heidelberg.de	1
125	Heilbronn H	Hochschule Heilbronn, Technik, Wirtschaft, Informatik	Hochschule Heilbronn	Fachhochschulen / HAW	öffentlich-rechtlich	Baden-Württemberg	6609	1961	Nein	Nein	Max-Planck-Straße 39	74081	Heilbronn				7131	504-0	252470	http://www.hs-heilbronn.de	1
408	Hessen HOeffManagement(Verw)	Hessische Hochschule für öffentliches Management und Sicherheit	Hessische Hochschule für öffentliches Management und Sicherheit	Verwaltungshochschule	öffentlich-rechtlich	Hessen	5148	2022	Nein	Nein	Schönbergstraße 100	65199	Wiesbaden	Schönbergstraße 100	65199	Wiesbaden	611	3256-0	3256-1099	https://hoems.hessen.de/	0
127	Hildesheim U	Universität Hildesheim	Universität Hildesheim	Universitäten	öffentlich-rechtlich	Niedersachsen	7784	1978	Ja	Ja	Universitätsplatz 1	31141	Hildesheim	101363	31113	Hildesheim	5121	883 0	883 91427	https://www.uni-hildesheim.de	1
128	Hildesh./Holzm./Göttingen H	HAWK Hochschule für angewandte Wissenschaft und Kunst Hildesheim/Holzminden/Göttingen	HAWK Hochschule für angewandte Wissenschaft und Kunst	Fachhochschulen / HAW	öffentlich-rechtlich	Niedersachsen	6127	1971	Nein	Nein	Hohnsen 4	31134	Hildesheim				5121	881-0		https://www.hawk.de/de	1
287	Hof H	Hochschule für angewandte Wissenschaften Hof	Hochschule Hof	Fachhochschulen / HAW	öffentlich-rechtlich	Bayern	3763	1994	Nein	Nein	Alfons-Goppel-Platz 1	95028	Hof				9281	409-3000	409-4000	http://www.hof-university.de	1
129	Hohenheim U	Universität Hohenheim	Universität Hohenheim	Universitäten	öffentlich-rechtlich	Baden-Württemberg	8427	1818	Ja	Ja	Schloss Hohenheim 1	70599	Stuttgart				711	459-0	459-23960	http://www.uni-hohenheim.de	1
271	Idstein HFresen	Hochschule Fresenius	Hochschule Fresenius	Fachhochschulen / HAW	privat, staatlich anerkannt	Hessen	15502	1848	Nein	Nein	Limburger Straße 2	65510	Idstein					0800 3400400		https://www.hs-fresenius.de/studienberatung/?crmid=aBbWvOcDaAaAaAaA	0
130	Ilmenau TU	Technische Universität Ilmenau	TU Ilmenau	Universitäten	öffentlich-rechtlich	Thüringen	4134	1894	Ja	Ja	Ehrenbergstraße 29	98693	Ilmenau	100565	98684	Ilmenau	3677	69-0	69-5009	http://www.tu-ilmenau.de	1
288	Ingolstadt TH	Technische Hochschule Ingolstadt	Technische Hochschule Ingolstadt	Fachhochschulen / HAW	öffentlich-rechtlich	Bayern	8154	1994	Ja, zeitlich und fachlich begrenzt	Nein	Esplanade 10	85049	Ingolstadt	21 04 54	85019	Ingolstadt	841	9348-0		https://www.thi.de	1
134	Jena H	Ernst-Abbe-Hochschule Jena	Ernst-Abbe-Hochschule Jena	Fachhochschulen / HAW	öffentlich-rechtlich	Thüringen	4052	1991	Nein	Nein	Carl-Zeiss-Promenade 2	7745	Jena	10 03 14	7703	Jena	3641	2050		https://www.eah-jena.de/	1
133	Jena U	Friedrich-Schiller-Universität Jena	Universität Jena	Universitäten	öffentlich-rechtlich	Thüringen	16069	1558	Ja	Ja	Fürstengraben 1	7743	Jena		7737	Jena	3641	9401000	9414242	http://www.uni-jena.de	1
306	Kaiserslautern H	Hochschule Kaiserslautern (University of Applied Sciences)	Hochschule Kaiserslautern	Fachhochschulen / HAW	öffentlich-rechtlich	Rheinland-Pfalz	5175	1996	Nein	Nein	Schoenstr. 11	67659	Kaiserslautern	1573	67604	Kaiserslautern	631	3724-0	3724-2105	www.hs-kl.de	1
135	Kaiserslautern-Landau RPTU	Rheinland-Pfälzische Technische Universität Kaiserslautern-Landau	RPTU Kaiserslautern-Landau	Universitäten	öffentlich-rechtlich	Rheinland-Pfalz	16914	1970	Ja	Ja	Gottlieb-Daimler-Straße 47	67663	Kaiserslautern	3049	67653	Kaiserslautern	631	205-0	205-3200	https://www.rptu.de/	1
139	Karlsruhe AkdBK	Staatliche Akademie der Bildenden Künste Karlsruhe	Kunstakademie Karlsruhe	Künstlerische Hochschulen	öffentlich-rechtlich	Baden-Württemberg	360	1854	Ja	Nein	Reinhold-Frank-Straße 67	76133	Karlsruhe	111209	76062	Karlsruhe	721	926-5210	926-5213	http://www.kunstakademie-karlsruhe.de	1
138	Karlsruhe H	Hochschule Karlsruhe - Technik und Wirtschaft	Hochschule Karlsruhe	Fachhochschulen / HAW	öffentlich-rechtlich	Baden-Württemberg	6946	1878	Nein	Nein	Moltkestraße 30	76133	Karlsruhe	24 40	76012	Karlsruhe	721	925-0	925-2000	http://www.h-ka.de	1
140	Karlsruhe HfGest	Staatliche Hochschule für Gestaltung Karlsruhe	Staatliche Hochschule für Gestaltung Karlsruhe	Künstlerische Hochschulen	öffentlich-rechtlich	Baden-Württemberg	349	1992	Ja	Nein	Lorenzstr. 15	76135	Karlsruhe				721	8203-0	8203-2159	http://www.hfg-karlsruhe.de	1
141	Karlsruhe HfM	Hochschule für Musik Karlsruhe	Hochschule für Musik Karlsruhe	Künstlerische Hochschulen	öffentlich-rechtlich	Baden-Württemberg	545	1812	Ja	Nein	Am Schloss Gottesaue 7	76131	Karlsruhe	60 40	76040	Karlsruhe	721	6629-0	6629-266	http://www.hfm-karlsruhe.de	1
359	Karlsruhe KIU	Karlshochschule International University - staatlich anerkannte Hochschule der Karlshochschule gemeinnützige GmbH Karlsruhe	Karlshochschule International University	Fachhochschulen / HAW	privat, staatlich anerkannt	Baden-Württemberg	255	2005	Nein	Nein	Karlstraße 36 - 38	76133	Karlsruhe				721	48095 0	48095 101	http://www.karlshochschule.de	0
137	Karlsruhe PH	Pädagogische Hochschule Karlsruhe	Pädagogische Hochschule Karlsruhe	Universitäten	öffentlich-rechtlich	Baden-Württemberg	3371	1962	Ja	Ja	Bismarckstraße 10	76133	Karlsruhe	11 10 62	76060	Karlsruhe	721	925-3	925-4000	http://www.ph-karlsruhe.de	1
136	Karlsruhe U KIT	Karlsruher Institut für Technologie	Karlsruher Institut für Technologie	Universitäten	öffentlich-rechtlich	Baden-Württemberg	22007	2009	Ja	Ja	Kaiserstraße 12	76131	Karlsruhe	6980	76049	Karlsruhe	721	608-0	608-44290	http://www.kit.edu	1
142	Kassel U	Universität Kassel	Universität Kassel	Universitäten	öffentlich-rechtlich	Hessen	21247	1971	Ja	Ja	Mönchebergstraße 19	34125	Kassel		34109	Kassel	561	804-1961		http://www.uni-kassel.de	1
143	Kempten H	Hochschule für angewandte Wissenschaften Kempten	Hochschule Kempten	Fachhochschulen / HAW	öffentlich-rechtlich	Bayern	4643	1977	Ja, zeitlich und fachlich begrenzt	Nein	Bahnhofstraße 61	87435	Kempten	16 80	87406	Kempten	831	2523-0	2523-104	http://www.hs-kempten.de	1
145	Kiel HAW	Hochschule für Angewandte Wissenschaften Kiel	Hochschule für Angewandte Wissenschaften Kiel	Fachhochschulen / HAW	öffentlich-rechtlich	Schleswig-Holstein	7773	1969	Nein	Nein	Sokratesplatz 1	24149	Kiel				431	210-0	210-1900	http://www.haw-kiel.de	1
289	Kiel KuH	Muthesius Kunsthochschule	Muthesius Kunsthochschule	Künstlerische Hochschulen	öffentlich-rechtlich	Schleswig-Holstein	616	1994	Ja	Nein	Legienstraße 35	24103	Kiel				431	5198-400	5198-408	http://www.muthesius-kunsthochschule.de/de/	1
144	Kiel U	Christian-Albrechts-Universität zu Kiel	Universität zu Kiel	Universitäten	öffentlich-rechtlich	Schleswig-Holstein	24936	1665	Ja	Ja	Christian-Albrechts-Platz 4	24118	Kiel				431	880-00	880-7333	http://www.uni-kiel.de	1
305	Koblenz H	Hochschule Koblenz	Hochschule Koblenz	Fachhochschulen / HAW	öffentlich-rechtlich	Rheinland-Pfalz	8620	1996	Nein	Nein	Konrad-Zuse-Straße 1	56075	Koblenz				261	9528-0	9528-567	http://www.hs-koblenz.de	1
468	Koblenz HfG	Hochschule für Gesellschaftsgestaltung	Hochschule für Gesellschaftsgestaltung	Hochschulen eigenen Typs	privat, staatlich anerkannt	Rheinland-Pfalz	141	2015	Nein	Nein	Kornpfortstraße 15	56068	Koblenz				261	20439199		https://www.hfgg.de	0
146	Koblenz U	Universität Koblenz	Universität Koblenz	Universitäten	öffentlich-rechtlich	Rheinland-Pfalz	9582	1990	Ja	Ja	Universitätsstraße 1	56070	Koblenz	20 16 02	56016	Koblenz	261	2870		https://www.uni-koblenz.de/de	1
414	Köln CBS	CBS University of Applied Sciences	CBS University of Applied Sciences	Fachhochschulen / HAW	privat, staatlich anerkannt	Nordrhein-Westfalen	4454	1993	Nein	Nein	Bahnstraße 6 - 8	50996	Köln				800	9318099		https://www.cbs.de	0
148	Köln DSHS	Deutsche Sporthochschule Köln	Deutsche Sporthochschule Köln	Universitäten	öffentlich-rechtlich	Nordrhein-Westfalen	6117	1947	Ja	Ja	Am Sportpark Müngersdorf 6	50933	Köln		50927	Köln	221	4982-0	4982-8330	https://www.dshs-koeln.de	1
153	Köln HfMT	Hochschule für Musik und Tanz Köln	Hochschule für Musik und Tanz Köln	Künstlerische Hochschulen	öffentlich-rechtlich	Nordrhein-Westfalen	1388	1845	Ja	Nein	Unter Krahnenbäumen 87	50668	Köln				221	28380-0	28380-179	https://www.hfmt-koeln.de/	1
525	Köln INU	INU - Innovative University of Applied Sciences	INU - Innovative University of Applied Sciences	Fachhochschulen / HAW	privat, staatlich anerkannt	Nordrhein-Westfalen	107	2022	Nein	Nein	Widdersdorfer Straße 262	50933	Köln				221	669921 33		https://www.inu.de/	0
241	Köln KHKT	Kölner Hochschule für Katholische Theologie (KHKT)	Hochschule für Katholische Theologie	Universitäten	kirchlich, staatlich anerkannt	Nordrhein-Westfalen	105		Ja	Nein	Gleuelerstraße 262-268	50935	Köln				221	58981 100		www.khkt.de	0
520	Köln KolpingH	Kolping Hochschule	Kolping Hochschule für Gesundheit und Soziales Köln	Fachhochschulen / HAW	privat, staatlich anerkannt	Nordrhein-Westfalen	181	2019	Nein	Nein	Mevissenstr.3	50668	Köln				221	717909-90		https://www.kolping-hochschule.de/	0
152	Köln KuHMedien	Kunsthochschule für Medien Köln	Kunsthochschule für Medien Köln	Künstlerische Hochschulen	öffentlich-rechtlich	Nordrhein-Westfalen	415	1990	Ja	Nein	Heumarkt 14	50667	Köln				221	20189-0		http://www.khm.de	1
150	Köln RheinH	Rheinische Hochschule Köln	Rheinische Hochschule	Fachhochschulen / HAW	privat, staatlich anerkannt	Nordrhein-Westfalen	5486	1958	Nein	Nein	Schaevenstraße 1a-b	50676	Köln				221	20302-0	20302-6100	https://www.rh-koeln.de	1
149	Köln TH	Technische Hochschule Köln	Technische Hochschule Köln	Fachhochschulen / HAW	öffentlich-rechtlich	Nordrhein-Westfalen	20438	1971	Nein	Nein	Claudiusstraße 1	50678	Köln				221	8275-0	8275-3131	http://www.th-koeln.de	1
147	Köln U	Universität zu Köln	Universität zu Köln	Universitäten	öffentlich-rechtlich	Nordrhein-Westfalen	47238	1388	Ja	Ja	Albertus-Magnus-Platz	50931	Köln		50923	Köln	221	470-0	470-5151	https://uni-koeln.de	1
338	Konstanz AllensbachH	Allensbach Hochschule Konstanz,  staatlich anerkannte Hochschule der European Education Group GmbH	Allensbach Hochschule Konstanz	Fachhochschulen / HAW	privat, staatlich anerkannt	Baden-Württemberg	625	1996	Nein	Nein	Lohnerhofstraße 2	78467	Konstanz		78467	Konstanz	7533	919 23 90	919 23 91	https://www.allensbach-hochschule.de/	0
155	Konstanz H	Hochschule Konstanz Technik, Wirtschaft und Gestaltung	Hochschule Konstanz	Fachhochschulen / HAW	öffentlich-rechtlich	Baden-Württemberg	4278	1906	Nein	Nein	Alfred-Wachtel-Straße 8	78462	Konstanz			Konstanz	7531	206-0	206-400	http://www.htwg-konstanz.de	1
154	Konstanz U	Universität Konstanz	Universität Konstanz	Universitäten	öffentlich-rechtlich	Baden-Württemberg	10063	1966	Ja	Ja	Universitätsstraße 10	78464	Konstanz		78457	Konstanz	7531	88-0	88-3688	https://www.uni-konstanz.de/	1
157	Landshut H	Hochschule Landshut - Hochschule für angewandte Wissenschaften	Hochschule Landshut	Fachhochschulen / HAW	öffentlich-rechtlich	Bayern	4916	1978	Ja, zeitlich und fachlich begrenzt	Nein	Am Lurzenhof 1	84036	Landshut				871	506-0	506-506	http://www.haw-landshut.de	1
762	Lausitz MedU	Medizinische Universität Lausitz - Carl Thiem	Medizinische Universität Lausitz - Carl Thiem	Universitäten	öffentlich-rechtlich	Brandenburg		2024	Ja	Ja	Thiemstr. 111	3048	Cottbus				355	460		https://mul-ct.de/	1
164	Leipzig HfGuB	Hochschule für Grafik und Buchkunst Leipzig	Hochschule für Grafik und Buchkunst Leipzig	Künstlerische Hochschulen	öffentlich-rechtlich	Sachsen	542	1764	Ja	Nein	Wächterstraße 11	4107	Leipzig	10 08 05	4008	Leipzig	341	2135-0	2135-166	http://www.hgb-leipzig.de	1
295	Leipzig HHL	HHL Leipzig Graduate School of Management	HHL Leipzig	Universitäten	privat, staatlich anerkannt	Sachsen	698	1898	Ja	Ja	Jahnallee 59	4109	Leipzig		4109	Leipzig	341	9851-60	9851-679	http://www.hhl.de	1
162	Leipzig HMT	Hochschule für Musik und Theater Felix Mendelssohn Bartholdy Leipzig	Hochschule für Musik und Theater Leipzig	Künstlerische Hochschulen	öffentlich-rechtlich	Sachsen	1166	1843	Ja	Nein	Grassistraße 8	4107	Leipzig	10 08 09	4008	Leipzig	341	2144-55	2144-503	http://www.hmt-leipzig.de	1
160	Leipzig HTWK	Hochschule für Technik, Wirtschaft und Kultur Leipzig	Hochschule für Technik, Wirtschaft und Kultur Leipzig	Fachhochschulen / HAW	öffentlich-rechtlich	Sachsen	6431	1992	Nein	Nein	Karl-Liebknecht-Straße 132	4277	Leipzig	301166	4251	Leipzig	341	3076-0	3076-6456	http://www.htwk-leipzig.de	1
159	Leipzig U	Universität Leipzig	Universität Leipzig	Universitäten	öffentlich-rechtlich	Sachsen	30528	1409	Ja	Ja	Ritterstraße 26	4109	Leipzig	100920	4009	Leipzig	341	97-108	97-30099	http://www.uni-leipzig.de	1
170	Lübeck HfM	Musikhochschule Lübeck	Musikhochschule Lübeck	Künstlerische Hochschulen	öffentlich-rechtlich	Schleswig-Holstein	440	1973	Ja	Nein	Große Petersgrube 21	23552	Lübeck				451	1505-0	1505-300	https://www.mh-luebeck.de	1
169	Lübeck TH	Technische Hochschule Lübeck	Technische Hochschule Lübeck	Fachhochschulen / HAW	öffentlich-rechtlich	Schleswig-Holstein	4767	1808	Nein	Nein	Mönkhofer Weg 239	23562	Lübeck				451	300-6	300-5100	https://www.th-luebeck.de/	1
168	Lübeck U	Universität zu Lübeck	Universität zu Lübeck	Universitäten	öffentlich-rechtlich	Schleswig-Holstein	6113	1964	Ja	Ja	Ratzeburger Allee 160	23562	Lübeck				451	3101-0	3101-1014	http://www.uni-luebeck.de	1
229	Ludwigsburg EvH	Evangelische Hochschule Ludwigsburg - staatlich anerkannte Hochschule für Angewandte Wissenschaften der Evangelischen Landeskirche Württemberg	Evangelische Hochschule Ludwigsburg	Fachhochschulen / HAW	kirchlich, staatlich anerkannt	Baden-Württemberg	1312	1999	Nein	Nein	Paulusweg 6	71638	Ludwigsburg				7141	9745-220	9745-411	http://www.eh-ludwigsburg.de/	1
166	Ludwigsburg PH	Pädagogische Hochschule Ludwigsburg	Pädagogische Hochschule Ludwigsburg	Universitäten	öffentlich-rechtlich	Baden-Württemberg	5833	1962	Ja	Ja	Reuteallee 46	71634	Ludwigsburg	220	71602	Ludwigsburg	7141	140-0	140-434	http://www.ph-ludwigsburg.de	1
307	Ludwigshafen HWG	Hochschule für Wirtschaft und Gesellschaft Ludwigshafen 	Hochschule für Wirtschaft und Gesellschaft Ludwigshafen 	Fachhochschulen / HAW	öffentlich-rechtlich	Rheinland-Pfalz	4128	1965	Nein	Nein	Ernst-Boehe-Str. 4-6	67059	Ludwigshafen	217261	67072	Ludwigshafen	621	5203-0		http://www.hwg-lu.de	1
171	Lüneburg U	Leuphana Universität Lüneburg	Leuphana Universität	Universitäten	öffentlich-rechtlich	Niedersachsen	9127	1946	Ja	Ja	Universitätsallee 1	21335	Lüneburg				4131	677-2277	677-1430	https://www.leuphana.de/services/studierendenservice/infoportal-erstauskunft-zum-studium.html	1
330	Magdeburg SH	Steinbeis Hochschule	Steinbeis Hochschule	Fachhochschulen / HAW	privat, staatlich anerkannt	Sachsen-Anhalt	4102	1998	Nein	Nein	Hegelstraße 39	39104	Magdeburg				30	473914500		https://www.steinbeis-hochschule.de/	0
173	Magdeburg-Stendal H	Hochschule Magdeburg-Stendal	Hochschule Magdeburg-Stendal	Fachhochschulen / HAW	öffentlich-rechtlich	Sachsen-Anhalt	5169	1991	Ja, zeitlich und fachlich begrenzt	Nein	Breitscheidstraße 2	39114	Magdeburg	3655	39011	Magdeburg	391	886-30	886-4104	http://www.h2.de	1
172	Magdeburg U	Otto-von-Guericke-Universität Magdeburg	Universität Magdeburg	Universitäten	öffentlich-rechtlich	Sachsen-Anhalt	12605	1993	Ja	Ja	Universitätsplatz 2	39106	Magdeburg	4120	39016	Magdeburg	391	67-01	67-11156	http://www.ovgu.de	1
310	Mainz H	Hochschule Mainz	Hochschule Mainz	Fachhochschulen / HAW	öffentlich-rechtlich	Rheinland-Pfalz	5407	1996	Ja, zeitlich und fachlich begrenzt	Nein	Lucy-Hillebrand-Straße 2	55128	Mainz	1967	55009	Mainz	6131	628-0	628-7777	https://www.hs-mainz.de/	1
175	Mainz KathH	Katholische Hochschule Mainz Catholic University of Applied Sciences	Katholische Hochschule Mainz	Fachhochschulen / HAW	kirchlich, staatlich anerkannt	Rheinland-Pfalz	1396	1972	Nein	Nein	Saarstraße 3	55122	Mainz				6131	28944-0	28944-440	https://www.kh-mz.de/	1
174	Mainz U	Johannes Gutenberg-Universität Mainz	Universität Mainz	Universitäten	öffentlich-rechtlich	Rheinland-Pfalz	29490	1477	Ja	Ja	Saarstraße 21	55122	Mainz		55099	Mainz	6131	39-0	39-22919	http://www.uni-mainz.de	1
432	Mannheim HdWM	Hochschule der Wirtschaft für Management	Hochschule der Wirtschaft für Management	Fachhochschulen / HAW	privat, staatlich anerkannt	Baden-Württemberg	226	2011	Nein	Nein	Oskar-Meixner-Straße 4-6	68163	Mannheim				621	490890-00		http://www.hdwm.de	0
123	Mannheim HfM	Staatliche Hochschule für Musik und Darstellende Kunst Mannheim	Hochschule für Musik und Darstellende Kunst Mannheim	Künstlerische Hochschulen	öffentlich-rechtlich	Baden-Württemberg	598	1971	Ja	Ja	N 7, 18	68161	Mannheim				621	292-3511	292-2072	http://www.muho-mannheim.de	1
177	Mannheim TH	Technische Hochschule Mannheim	Technische Hochschule Mannheim	Fachhochschulen / HAW	öffentlich-rechtlich	Baden-Württemberg	5073	1898	Nein	Nein	Paul-Wittsack-Straße 10	68163	Mannheim				621	292-6111	292-6420	http://www.th-mannheim.de	1
176	Mannheim U	Universität Mannheim	Universität Mannheim	Universitäten	öffentlich-rechtlich	Baden-Württemberg	11486	1907	Ja	Ja	Schloss	68161	Mannheim		68131	Mannheim	621	181-2222	181-1050	http://www.uni-mannheim.de	1
426	Marburg EHTabor	Evangelische Hochschule Tabor	Evangelische Hochschule Tabor	Fachhochschulen / HAW	privat, staatlich anerkannt	Hessen	143	1909	Nein	Nein	Dürerstraße 43	35039	Marburg				6421	967-431	967-411	www.eh-tabor.de	0
179	Marburg U	Philipps-Universität Marburg	Universität Marburg	Universitäten	öffentlich-rechtlich	Hessen	20532	1527	Ja	Ja	Biegenstraße 10	35037	Marburg		35032	Marburg	6421	28-20	28-22500	http://www.uni-marburg.de	1
479	Mecklenburg-Vorp. FHVerw (Verw)	Fachhochschule für öffentliche Verwaltung, Polizei und Rechtspflege des Landes Mecklenburg-Vorpommern	Fachhochschule für öffentliche Verwaltung, Polizei und Rechtspflege des Landes Mecklenburg-Vorpommern	Verwaltungshochschule	öffentlich-rechtlich	Mecklenburg-Vorpommern	551	1991	Nein	Nein	Goldberger Straße 12-13	18273	Güstrow				3843	283 215		http://www.fh-guestrow.de	0
180	Merseburg H	Hochschule Merseburg	Hochschule Merseburg	Fachhochschulen / HAW	öffentlich-rechtlich	Sachsen-Anhalt	3054	1992	Ja, zeitlich und fachlich begrenzt	Nein	Eberhard-Leibnitz-Straße 2	6217	Merseburg				3461	46-0	46-2906	http://www.hs-merseburg.de	1
97	Mittelhessen THM	Technische Hochschule Mittelhessen - THM	Technische Hochschule Mittelhessen	Fachhochschulen / HAW	öffentlich-rechtlich	Hessen	15148	1971	Ja, zeitlich und fachlich begrenzt	Nein	Wiesenstraße 14	35390	Gießen				641	309 0	309 2901	http://www.thm.de	1
181	Mittweida H	Hochschule Mittweida, University of Applied Sciences	Hochschule Mittweida	Fachhochschulen / HAW	öffentlich-rechtlich	Sachsen	6115	1867	Nein	Nein	Technikumplatz 17	9648	Mittweida	1457	9644	Mittweida	3727	58-1309	97 95 22	www.hs-mittweida.de	1
187	München AkdBK	Akademie der Bildenden Künste München	Akademie der Bildenden Künste München	Künstlerische Hochschulen	öffentlich-rechtlich	Bayern	716	1808	Ja	Nein	Akademiestraße 2-4	80799	München				89	3852-0	3852-291	http://www.adbk.de/	1
763	München DigitalH	"Munich University of Digital 
Technologies & Applied Sciences"	"Munich University of Digital 
Technologies & Applied Sciences"	Fachhochschulen / HAW	privat, staatlich anerkannt	Bayern		2022	Nein	Nein	Otto-Hahn-Ring 6, Building 75	81739	München				160	5900770		https://uni-munich.de/	0
291	München HAW	Hochschule für angewandte Wissenschaften München	Hochschule München	Fachhochschulen / HAW	öffentlich-rechtlich	Bayern	18535	1971	Ja, zeitlich und fachlich begrenzt	Nein	Lothstr. 34	80335	München	20 01 13	80001	München	89	1265-0	1265-1490	http://www.hm.edu	1
467	München HDBW	Hochschule der Bayerischen Wirtschaft für angewandte Wissenschaften - HDBW	Hochschule der Bayerischen Wirtschaft für angewandte Wissenschaften	Fachhochschulen / HAW	privat, staatlich anerkannt	Bayern	459	2012	Nein	Nein	Konrad-Zuse-Platz 8	81829	München				89	4567845-0	4567845-50	www.hdbw-hochschule.de	0
190	München HFF	Hochschule für Fernsehen und Film München	Hochschule für Fernsehen und Film	Künstlerische Hochschulen	öffentlich-rechtlich	Bayern	398	1966	Ja	Nein	Bernd-Eichinger-Platz 1	80333	München				89	68957-0	68957-9900	http://www.hff-muc.de	1
188	München HMT	Hochschule für Musik und Theater München	Hochschule für Musik und Theater München	Künstlerische Hochschulen	öffentlich-rechtlich	Bayern	1208	1830	Ja	Nein	Arcisstraße 12	80333	München				89	289-03	289-27419	https://www.hmtm.de	1
189	München HPhil	Hochschule für Philosophie	Hochschule für Philosophie	Universitäten	kirchlich, staatlich anerkannt	Bayern	379	1925	Ja	Ja	Kaulbachstraße 31/33	80539	München				89	2386-2301		http://www.hfph.de	1
376	München IH	Internationale Hochschule SDI München - Hochschule für angewandte Wissenschaften	Internationale Hochschule SDI	Fachhochschulen / HAW	privat, staatlich anerkannt	Bayern	264	2007	Nein	Nein	Baierbrunner Straße 28	81379	München				89	288102-0	288440	https://www.sdi-muenchen.de/hochschule/	0
186	München KathH	Katholische    Stiftungshochschule für   angewandte Wissenschaften München - Hochschule der Kirchlichen Stiftung des öffentlichen Rechts Katholische Bildungsstätten für Sozialberufe in Bayern	Katholische Stiftungshochschule München	Fachhochschulen / HAW	kirchlich, staatlich anerkannt	Bayern	2410	1971	Ja, zeitlich und fachlich begrenzt	Nein	Preysingstraße 95	81667	München				89	48092-900		http://www.ksh-muenchen.de	1
336	München MBS	Munich Business School - Staatlich anerkannte private Fachhochschule	Munich Business School	Fachhochschulen / HAW	privat, staatlich anerkannt	Bayern	705	1991	Nein	Nein	Elsenheimerstraße 61	80687	München				89	547678-0	547678-29	http://www.munich-business-school.de	0
184	München TUM	Technische Universität München	TU München	Universitäten	öffentlich-rechtlich	Bayern	55562	1868	Ja	Ja	Arcisstraße 21	80333	München				89	289-01	289-22000	http://www.tum.de	1
183	München U	Ludwig-Maximilians-Universität München	LMU München	Universitäten	öffentlich-rechtlich	Bayern	53609	1472	Ja	Ja	Geschwister-Scholl-Platz 1	80539	München				89	2180-0	2180-2322	http://www.lmu.de	1
185	München UBw	Universität der Bundeswehr München	Universität der Bundeswehr München	Universitäten	öffentlich-rechtlich	Bayern	3390	1973	Ja	Ja	Werner-Heisenberg-Weg 39	85579	Neubiberg				89	6004-0	6004-3560	http://www.unibw.de	1
192	Münster FH	FH Münster - University of Applied Sciences	FH Münster	Fachhochschulen / HAW	öffentlich-rechtlich	Nordrhein-Westfalen	14188	1971	Nein	Nein	Hüfferstr. 27	48149	Münster	3020	48016	Münster	251	83-0	83-64015	http://fhms.eu/oqq	1
193	Münster KuAk	Kunstakademie Münster, Hochschule für Bildende Künste	Kunstakademie Münster	Künstlerische Hochschulen	öffentlich-rechtlich	Nordrhein-Westfalen	378	1971	Ja	Ja	Leonardo-Campus 2	48149	Münster				251	83-61330		https://www.kunstakademie-muenster.de/hochschule/organisation-und-verwaltung	1
194	Münster PhThH	Philosophisch-Theologische Hochschule Münster - Kirchlich und staatlich anerkannte Hochschule in Trägerschaft der PTH Philosophisch-Theologische Hochschule Münster gemeinnützige GmbH	Philosophisch-Theologische Hochschule Münster	Universitäten	kirchlich, staatlich anerkannt	Nordrhein-Westfalen	7	1971	Nein	Nein	Kapuzinerstr. 27	48149	Münster		48149	Münster	251	48256-0		https://www.cts-hochschule.de/	0
191	Münster U	Universität Münster	Universität Münster	Universitäten	öffentlich-rechtlich	Nordrhein-Westfalen	41962	1780	Ja	Ja	Schlossplatz 2	48149	Münster				251	83-0	83-32090	https://www.uni-muenster.de	1
195	Neubrandenburg H	Hochschule Neubrandenburg - University of Applied Sciences	Hochschule Neubrandenburg	Fachhochschulen / HAW	öffentlich-rechtlich	Mecklenburg-Vorpommern	1832	1991	Nein	Nein	Brodaer Straße 2	17033	Neubrandenburg	11 01 21	17041	Neubrandenburg	395	5693-0	5693-9999	http://www.hs-nb.de	1
196	Neuendettelsau KiH	Augustana-Hochschule Neuendettelsau	Augustana-Hochschule	Universitäten	kirchlich, staatlich anerkannt	Bayern	106	1947	Ja	Ja	Waldstraße 11	91564	Neuendettelsau		91564	Neuendettelsau	9874	509-0	509-555	http://www.augustana.de	1
463	Neuruppin MHB	Medizinische Hochschule Brandenburg Theodor Fontane	Medizinische Hochschule Brandenburg Theodor Fontane	Universitäten	privat, staatlich anerkannt	Brandenburg	966	2014	Ja	Ja	Fehrbelliner Str. 38	16816	Neuruppin				3391	39-14222	39-14209	https://www.mhb-fontane.de/de/studieninteressierte-2	0
319	Neu-Ulm H	Hochschule für angewandte Wissenschaften Neu-Ulm	Hochschule Neu-Ulm	Fachhochschulen / HAW	öffentlich-rechtlich	Bayern	4133	1994	Ja, zeitlich und fachlich begrenzt	Nein	Wileystraße 1	89231	Neu-Ulm				731	9762-0	9762-2299	https://www.hnu.de	1
197	Niederrhein H	Hochschule Niederrhein	Hochschule Niederrhein	Fachhochschulen / HAW	öffentlich-rechtlich	Nordrhein-Westfalen	12969	1971	Nein	Nein	Reinarzstraße 49	47805	Krefeld	100762	47707	Krefeld	2151	822-0	822-3998	https://www.hs-niederrhein.de/startseite/	1
315	Nordhausen H	Hochschule Nordhausen	Hochschule Nordhausen	Fachhochschulen / HAW	öffentlich-rechtlich	Thüringen	1753	1997	Nein	Nein	Weinberghof 4	99734	Nordhausen	10 07 10	99727	Nordhausen	3631	420-0	420-810	http://www.hs-nordhausen.de	1
318	Nordhessen FH	DIPLOMA Hochschule - Private Fachhochschule Nordhessen	DIPLOMA Hochschule Nordhessen	Fachhochschulen / HAW	privat, staatlich anerkannt	Hessen	6538	1997	Nein	Nein	Am Hegeberg 2	37242	Bad Sooden-Allendorf				5652	58777-0		http://www.diploma.de	0
488	Nordrhein-Westfalen HFinanz (Verw)	Hochschule für Finanzen NRW	Hochschule für Finanzen NRW	Verwaltungshochschule	öffentlich-rechtlich	Nordrhein-Westfalen	2561	1976	Nein	Nein	Schloßstraße	59394	Nordkirchen				2596	9330		https://www.finanzverwaltung.nrw.de/de/duales-studium-der-hsf-nrw	0
484	Nordrhein-Westfalen HSPV (Verw)	Hochschule für Polizei und öffentliche Verwaltung Nordrhein-Westfalen	Hochschule für Polizei und öffentliche Verwaltung Nordrhein-Westfalen	Verwaltungshochschule	öffentlich-rechtlich	Nordrhein-Westfalen	13815	1976	Nein	Nein	Haidekamp 73	45886	Gelsenkirchen				209	16590		https://www.hspv.nrw.de/	0
151	Nordrhein-Westfalen KathH	Katholische Hochschule Nordrhein-Westfalen - Catholic University of Applied Sciences	Katholische Hochschule Nordrhein-Westfalen	Fachhochschulen / HAW	kirchlich, staatlich anerkannt	Nordrhein-Westfalen	5464	1971	Nein	Nein	Wörthstraße 10	50668	Köln				221	7757-601	7757-631	https://katho-nrw.de/	1
202	Nürnberg AkdBK	Akademie der Bildenden Künste Nürnberg	Akademie der Bildenden Künste Nürnberg	Künstlerische Hochschulen	öffentlich-rechtlich	Bayern	302	1662	Nein	Nein	Bingstraße 60	90480	Nürnberg				911	9404-0	9404-150	http://www.adbk-nuernberg.de	1
201	Nürnberg EvH	Evangelische Hochschule für angewandte Wissenschaften - Evangelische Fachhochschule Nürnberg	Evangelische Hochschule Nürnberg	Fachhochschulen / HAW	kirchlich, staatlich anerkannt	Bayern	1239	1927	Ja, zeitlich und fachlich begrenzt	Nein	Bärenschanzstraße 4	90429	Nürnberg				911	27253-6	27253-799	http://www.evhn.de/	1
321	Nürnberg HfM	Hochschule für Musik Nürnberg	Hochschule für Musik Nürnberg	Künstlerische Hochschulen	öffentlich-rechtlich	Bayern	470	2008	Ja	Nein	Veilhofstraße 34	90489	Nürnberg				911	21522-102	21522-104	https://www.hfm-nuernberg.de/hochschule	1
200	Nürnberg TH	Technische Hochschule Nürnberg Georg Simon Ohm	Technische Hochschule Nürnberg	Fachhochschulen / HAW	öffentlich-rechtlich	Bayern	12547	1823	Ja, zeitlich und fachlich begrenzt	Nein	Keßlerplatz 12	90489	Nürnberg		90121	Nürnberg	911	5880-0	5880-8309	https://studium.th-nuernberg.de/	1
691	Nürnberg TU	Technische Universität Nürnberg	Technische Universität Nürnberg	Universitäten	öffentlich-rechtlich	Bayern	62	2021	Ja	Nein	Dr.-Luise-Herzberg-Straße 4	90461	Nürnberg				911	92740		https://www.utn.de/	0
203	Nürtingen-Geislingen H	Hochschule für Wirtschaft und Umwelt Nürtingen-Geislingen	Hochschule für Wirtschaft und Umwelt Nürtingen-Geislingen	Fachhochschulen / HAW	öffentlich-rechtlich	Baden-Württemberg	5226	1949	Nein	Nein	Neckarsteige 6-10	72622	Nürtingen				7022	201-0	201-303	http://www.hfwu.de	1
205	Oberursel LuthThH	Lutherische Theologische Hochschule Oberursel	Lutherische Theologische Hochschule Oberursel	Universitäten	kirchlich, staatlich anerkannt	Hessen	14	1947	Nein	Nein	Altkönigstraße 150	61440	Oberursel				6171	91270		http://www.lthh-oberursel.de	1
206	Oestrich-Winkel EBS	EBS Universität für Wirtschaft und Recht	EBS Universität	Universitäten	privat, staatlich anerkannt	Hessen	1790	1971	Ja	Ja	Rheingaustraße 1	65375	Oestrich-Winkel				6723	9168 0		https://www.ebs.edu	1
207	Offenbach HfGest	Hochschule für Gestaltung Offenbach	Hochschule für Gestaltung Offenbach	Künstlerische Hochschulen	öffentlich-rechtlich	Hessen	806	1970	Ja	Nein	Schloßstraße 31	63065	Offenbach		63065	Offenbach	69	80059-0	80059-109	http://www.hfg-offenbach.de	1
208	Offenburg H	Hochschule für Technik, Wirtschaft und Medien Offenburg	Hochschule für Technik, Wirtschaft und Medien Offenburg	Fachhochschulen / HAW	öffentlich-rechtlich	Baden-Württemberg	3656	1964	Nein	Nein	Badstraße 24	77652	Offenburg				781	205-0	205-214	http://www.hs-offenburg.de	1
209	Oldenburg U	Carl von Ossietzky Universität Oldenburg	Universität Oldenburg	Universitäten	öffentlich-rechtlich	Niedersachsen	14670	1973	Ja	Ja	Ammerländer Heerstraße 114-118	26129	Oldenburg		26111	Oldenburg	441	798-0	798-3000	http://www.uol.de	1
214	Osnabrück H	Hochschule Osnabrück	Hochschule Osnabrück	Fachhochschulen / HAW	öffentlich-rechtlich	Niedersachsen	12983	1971	Nein	Nein	Albrechtstraße 30	49076	Osnabrück	1940	49009	Osnabrück	541	969-7100		http://www.hs-osnabrueck.de	1
211	Osnabrück U	Universität Osnabrück	Universität Osnabrück	Universitäten	öffentlich-rechtlich	Niedersachsen	13341	1974	Ja	Ja	Neuer Graben 29/Schloss	49074	Osnabrück		49069	Osnabrück	541	969-0		http://www.uni-osnabrueck.de	1
36	Ostfalia H	Hochschule Braunschweig/Wolfenbüttel, Ostfalia Hochschule für angewandte Wissenschaften	Ostfalia Hochschule	Fachhochschulen / HAW	öffentlich-rechtlich	Niedersachsen	10050	1971	Nein	Nein	Salzdahlumer Straße 46/48	38302	Wolfenbüttel				5331	939-0	939-14624	https://www.ostfalia.de/	1
165	Ostwestfalen-Lippe TH	Technische Hochschule Ostwestfalen-Lippe	Technische Hochschule Ostwestfalen-Lippe	Fachhochschulen / HAW	öffentlich-rechtlich	Nordrhein-Westfalen	5701	1971	Nein	Nein	Campusallee 12	32657	Lemgo				5261	702-0	702-1711	http://www.th-owl.de	1
213	Ottersberg H	Hochschule für Künste im Sozialen, Ottersberg	Hochschule für Künste im Sozialen	Fachhochschulen / HAW	privat, staatlich anerkannt	Niedersachsen	274	1967	Nein	Nein	Große Straße 107	28870	Ottersberg	1251	28870	Ottersberg	4205	3949-0		https://www.hks-ottersberg.de	0
216	Paderborn FHDW	Fachhochschule der Wirtschaft	Fachhochschule der Wirtschaft	Fachhochschulen / HAW	privat, staatlich anerkannt	Nordrhein-Westfalen	2059	1993	Nein	Nein	Fürstenallee 5	33102	Paderborn				5251	301-02	301-188	https://www.fhdw.de	0
217	Paderborn ThFak	Theologische Fakultät Paderborn	Theologische Fakultät Paderborn	Universitäten	kirchlich, staatlich anerkannt	Nordrhein-Westfalen	61	1614	Ja	Ja	Kamp 6	33098	Paderborn				5251	121-701		http://www.thf-paderborn.de/	1
215	Paderborn U	Universität Paderborn	Universität Paderborn	Universitäten	öffentlich-rechtlich	Nordrhein-Westfalen	17064	1972	Ja	Ja	Warburger Straße 100	33098	Paderborn		33095	Paderborn	5251	60-0		https://meine.uni-paderborn.de/?utm_source=hochschulkompass&utm_medium=display&utm_campaign=meineupb&utm_content=profil	1
218	Passau U	Universität Passau	Universität Passau	Universitäten	öffentlich-rechtlich	Bayern	10683	1973	Ja	Ja	Innstraße 41	94032	Passau		94030	Passau	851	509-0	509-1005	http://www.uni-passau.de	1
219	Pforzheim H	Hochschule Pforzheim - Gestaltung, Technik, Wirtschaft und Recht	Hochschule Pforzheim	Fachhochschulen / HAW	öffentlich-rechtlich	Baden-Württemberg	5574	1877	Nein	Nein	Tiefenbronner Straße 65	75175	Pforzheim				7231	28-6940	28-6666	http://www.hs-pforzheim.de/	1
223	Potsdam-Babelsberg FilmU	Filmuniversität Babelsberg Konrad Wolf	Filmuniversität Babelsberg	Künstlerische Hochschulen	öffentlich-rechtlich	Brandenburg	956	1954	Ja	Nein	Marlene-Dietrich-Allee 11	14482	Potsdam	90 01 31	14437	Potsdam	331	6202-0	6202-549	https://www.filmuniversitaet.de/	1
591	Potsdam DtH	Deutsche Hochschule für Angewandte Wissenschaften - German University of Applied Sciences	Deutsche Hochschule für Angewandte Wissenschaften	Fachhochschulen / HAW	privat, staatlich anerkannt	Brandenburg	467	2022	Nein	Nein	Neue Plantage 6	14467	Potsdam				331	769 976 10		https://deutschehochschule.de/	0
222	Potsdam FH	Fachhochschule Potsdam	Fachhochschule Potsdam	Fachhochschulen / HAW	öffentlich-rechtlich	Brandenburg	3610	1991	Nein	Nein	Kiepenheuerallee 5	14469	Potsdam				331	580-00		https://www.fh-potsdam.de	1
366	Potsdam FHMacromedia	Macromedia University of Applied Sciences	Macromedia University of Applied Sciences	Fachhochschulen / HAW	privat, staatlich anerkannt	Brandenburg	5341	2006	Nein	Nein	August-Bebel-Straße 23-56	14482	Potsdam				800	6227663345		https://www.macromedia-fachhochschule.de/	0
443	Potsdam FHSport	Fachhochschule für Sport und Management Potsdam	Fachhochschule für Sport und Management Potsdam	Fachhochschulen / HAW	privat, staatlich anerkannt	Brandenburg	606	2009	Nein	Nein	Olympischer Weg 7	14471	Potsdam		14471	Potsdam	331	58567360	58567377	www.fhsmp.de	0
518	Potsdam GISMA	Gisma University of Applied Sciences	Gisma University of Applied Sciences	Fachhochschulen / HAW	privat, staatlich anerkannt	Brandenburg	1483	2020	Nein	Nein	Konrad-Zuse-Ring 11	14469	Potsdam				331	236 17440		https://www.gisma.com	0
729	Potsdam HMU	HMU Health and Medical University Potsdam	HMU Health and Medical University Potsdam	Hochschulen eigenen Typs	privat, staatlich anerkannt	Brandenburg		2020	Nein	Nein	Olympischer Weg 1 (Villa Carlshagen)	14471	Potsdam				331	74 51 13 00		https://www.health-and-medical-university.de/	0
455	Potsdam HSD	HSD Hochschule Döpfer	HSD Hochschule Döpfer	Fachhochschulen / HAW	privat, staatlich anerkannt	Brandenburg	1546	2013	Nein	Nein	Hermannswerder 8b	14473	Potsdam				221	13058770		https://www.hs-doepfer.de/	0
221	Potsdam U	Universität Potsdam	Universität Potsdam	Universitäten	öffentlich-rechtlich	Brandenburg	19696	1991	Ja	Ja	Am Neuen Palais 10	14469	Potsdam				331	977-0	972163	http://www.uni-potsdam.de	1
335	Potsdam UE	University of Europe for Applied Sciences	University of Europe for Applied Sciences	Fachhochschulen / HAW	privat, staatlich anerkannt	Brandenburg	6352	2000	Nein	Nein	Konrad-Zuse-Ring 11	14469	Potsdam				30	338539710		https://www.ue-germany.com/	0
515	Potsdam XU	XU Exponential University of Applied Sciences	XU Exponential University of Applied Sciences	Fachhochschulen / HAW	privat, staatlich anerkannt	Brandenburg	118	2018	Nein	Nein	Marlene-Dietrich-Allee 12B	14482	Potsdam				331	98223881		https://xu-university.com	0
224	Ravensburg-Weingarten H	Hochschule Ravensburg-Weingarten	Hochschule Ravensburg-Weingarten	Fachhochschulen / HAW	öffentlich-rechtlich	Baden-Württemberg	3497	1964	Nein	Nein	Doggenriedstraße 70	88250	Weingarten	3022	88216	Ravensburg	751	501-9344	501-9876	http://www.rwu.de	1
346	Regensburg HfKiM	Hochschule für Katholische Kirchenmusik und Musikpädagogik	Hochschule für Katholische Kirchenmusik und Musikpädagogik	Künstlerische Hochschulen	kirchlich, staatlich anerkannt	Bayern	132	2001	Nein	Nein	Andreasstraße 9	93059	Regensburg				941	83009-0	83009-46	http://www.hfkm-regensburg.de	0
226	Regensburg OTH	Ostbayerische Technische Hochschule Regensburg	Ostbayerische Technische Hochschule Regensburg	Fachhochschulen / HAW	öffentlich-rechtlich	Bayern	10999	1971	Ja, zeitlich und fachlich begrenzt	Nein	Seybothstraße 2	93053	Regensburg	12 03 27	93025	Regensburg	941	943-02	943-1422	http://www.oth-regensburg.de	1
225	Regensburg U	Universität Regensburg	Universität Regensburg	Universitäten	öffentlich-rechtlich	Bayern	20202	1962	Ja	Ja	Universitätsstraße 31	93053	Regensburg		93040	Regensburg	941	943-01	943-2305	https://www.uni-regensburg.de	1
227	Reutlingen HTWID	Hochschule Reutlingen, Hochschule für Technik-  Wirtschaft-Informatik-Design	Hochschule Reutlingen	Fachhochschulen / HAW	öffentlich-rechtlich	Baden-Württemberg	5017	1855	Nein	Nein	Alteburgstraße 150	72762	Reutlingen				7121	271-0	271-1101	http://www.reutlingen-university.de/	1
360	Reutlingen ThH	Theologische Hochschule Reutlingen - staatlich anerkannte Fachhochschule der Evangelisch-methodistischen Kirche	Theologische Hochschule Reutlingen	Fachhochschulen / HAW	kirchlich, staatlich anerkannt	Baden-Württemberg	99	1877	Nein	Nein	Friedrich-Ebert-Straße 31	72762	Reutlingen				7121	9259-0	9259-14	http://www.th-reutlingen.de	0
270	RheinMain H	Hochschule RheinMain	Hochschule RheinMain	Fachhochschulen / HAW	öffentlich-rechtlich	Hessen	12170	1971	Ja	Nein	Kurt-Schumacher-Ring 18	65197	Wiesbaden	3251	65022	Wiesbaden	611	9495-01		https://www.hs-rm.de/de/	1
400	Rhein-Waal H	Hochschule Rhein-Waal - University of Applied Sciences	Hochschule Rhein-Waal	Fachhochschulen / HAW	öffentlich-rechtlich	Nordrhein-Westfalen	6043	2009	Nein	Nein	Marie-Curie-Str. 1	47533	Kleve				2821	80673-0		http://www.hochschule-rhein-waal.de/	1
313	Riedlingen SRH	SRH Fernhochschule - The Mobile University	SRH Fernhochschule - The Mobile University	Fachhochschulen / HAW	privat, staatlich anerkannt	Baden-Württemberg	9282	1996	Nein	Nein	Kirchstraße 26	88499	Riedlingen		88499	Riedlingen	7371	9315-400	9315-115	https://www.mobile-university.de	0
232	Rosenheim TH	Technische Hochschule Rosenheim	Technische Hochschule Rosenheim	Fachhochschulen / HAW	öffentlich-rechtlich	Bayern	7358	1971	Ja, zeitlich und fachlich begrenzt	Nein	Hochschulstraße 1	83024	Rosenheim				8031	805-0	805-2105	http://www.th-rosenheim.de/	1
234	Rostock HMT	Hochschule für Musik und Theater Rostock	Hochschule für Musik und Theater Rostock	Künstlerische Hochschulen	öffentlich-rechtlich	Mecklenburg-Vorpommern	579	1994	Ja	Ja	Beim St.-Katharinenstift 8	18055	Rostock				381	5108-0	5108-101	http://www.hmt-rostock.de	1
233	Rostock U	Universität Rostock	Universität Rostock	Universitäten	öffentlich-rechtlich	Mecklenburg-Vorpommern	12815	1419	Ja	Ja	Universitätsplatz 1	18055	Rostock		18051	Rostock	381	498-0	498-1107	http://www.uni-rostock.de	1
300	Rottenburg H	Hochschule für Forstwirtschaft Rottenburg	Hochschule für Forstwirtschaft Rottenburg	Fachhochschulen / HAW	öffentlich-rechtlich	Baden-Württemberg	898	1954	Nein	Nein	Schadenweilerhof	72108	Rottenburg				7472	951-0	951-200	http://www.hs-rottenburg.net	1
325	Rottenburg HfKiM	Hochschule für Kirchenmusik der Diözese Rottenburg-Stuttgart	Hochschule für Kirchenmusik Rottenburg	Künstlerische Hochschulen	kirchlich, staatlich anerkannt	Baden-Württemberg	18	1949	Nein	Nein	St.-Meinrad-Weg 6	72108	Rottenburg				7472	169-820	169-829	www.kirchenmusik-hochschule.org	0
409	Ruhr West H	Hochschule Ruhr West- University of Applied Sciences	Hochschule Ruhr West	Fachhochschulen / HAW	öffentlich-rechtlich	Nordrhein-Westfalen	5460	2009	Nein	Nein	Duisburger Straße 100	45479	Mülheim	100755	45407	Mülheim	208	882 54 -0	882 54 -109	http://www.hochschule-ruhr-west.de	1
391	Saarbrücken DHfPG	Deutsche Hochschule für Prävention und Gesundheitsmanagement GmbH	Deutsche Hochschule für Prävention und Gesundheitsmanagement	Fachhochschulen / HAW	privat, staatlich anerkannt	Saarland	6179	2001	Nein	Nein	Hermann-Neuberger-Straße 3	66123	Saarbrücken				681	6855-150	6855-190	http://www.dhfpg.de	0
240	Saarbrücken HfM	Hochschule für Musik Saar	Hochschule für Musik Saar	Künstlerische Hochschulen	öffentlich-rechtlich	Saarland	487	1947	Ja	Nein	Trierer Str. 2-4	66111	Saarbrücken		66111	Saarbrücken	681	96731-0		www.hfmsaar.de	1
236	Saarbrücken HTW	Hochschule für Technik und Wirtschaft des Saarlandes	Hochschule für Technik und Wirtschaft des Saarlandes	Fachhochschulen / HAW	öffentlich-rechtlich	Saarland	6028	1971	Nein	Nein	Goebenstraße 40	66117	Saarbrücken	650134	66140	Saarbrücken	681	5867-0	5867-122	http://www.htwsaar.de	1
235	Saarbrücken U	Universität des Saarlandes	Universität des Saarlandes	Universitäten	öffentlich-rechtlich	Saarland	15684	1948	Ja	Ja	Campus	66123	Saarbrücken	151150	66041	Saarbrücken	681	302-0	302-2609	https://www.uni-saarland.de	1
239	Saar HBK	Hochschule der Bildenden Künste Saar	Hochschule der Bildenden Künste Saar	Künstlerische Hochschulen	öffentlich-rechtlich	Saarland	431	1989	Ja	Nein	Keplerstraße 3-5	66117	Saarbrücken				681	92652-0	92652-149	https://www.hbksaar.de	1
727	Sachsen DH	Duale Hochschule Sachsen	Duale Hochschule Sachsen	Hochschulen eigenen Typs	öffentlich-rechtlich	Sachsen		1991	Nein	Nein	Hoffnung 83	8371	Glauchau				3763	4150 800		https://www.dhsn.de/	1
498	Sachsen HVerw (VerwH)	Hochschule für öffentliche Verwaltung und Rechtspflege (FH), Fortbildungszentrum des Freistaates Sachsen (HSF)	Hochschule Meißen (FH) und Fortbildungszentrum	Verwaltungshochschule	öffentlich-rechtlich	Sachsen	1156	1992	Nein	Nein	Herbert-Böhme-Straße 11	1662	Meißen				3521	4730	473100	https://www.hsf.sachsen.de/	0
507	Schleswig-Holstein DHSH	Duale Hochschule Schleswig-Holstein - staatlich anerkannte Hochschule für angewandte Wissenschaften in Trägerschaft der Wirtschaftsakademie Schleswig-Holstein	Duale Hochschule Schleswig-Holstein	Fachhochschulen / HAW	privat, staatlich anerkannt	Schleswig-Holstein	616	2018	Nein	Nein	Hans-Detlev-Prien-Straße 10	24106	Kiel				431	3016-126	30 16-380	https://www.dhsh.de	0
242	Schmalkalden H	Hochschule Schmalkalden	Hochschule Schmalkalden	Fachhochschulen / HAW	öffentlich-rechtlich	Thüringen	2933	1991	Nein	Nein	Blechhammer 9	98574	Schmalkalden	100452	98574	Schmalkalden	3683	688-0	688-1999	http://www.hs-schmalkalden.de	1
244	Schwäbisch Gmünd HGest	Hochschule für Gestaltung Schwäbisch Gmünd	Hochschule für Gestaltung Schwäbisch Gmünd	Fachhochschulen / HAW	öffentlich-rechtlich	Baden-Württemberg	660	1909	Nein	Nein	Rektor-Klaus-Str. 100	73525	Schwäbisch Gmünd	1308	73503	Schwäbisch Gmünd	7171	602-600	69259	http://www.hfg-gmuend.de	1
243	Schwäbisch Gmünd PH	Pädagogische Hochschule Schwäbisch Gmünd	Pädagogische Hochschule Schwäbisch Gmünd	Universitäten	öffentlich-rechtlich	Baden-Württemberg	2534	1962	Ja	Ja	Oberbettringer Str. 200	73525	Schwäbisch Gmünd				7171	983-0	983-212	https://www.ph-gmuend.de	1
245	Siegen U	Universität Siegen	Universität Siegen	Universitäten	öffentlich-rechtlich	Nordrhein-Westfalen	14439	1972	Ja	Ja	Adolf-Reichwein-Straße 2	57076	Siegen				271	740-0	740-4911	http://www.uni-siegen.de	1
246	Speyer DUV	Deutsche Universität für Verwaltungswissenschaften Speyer	Universität für Verwaltungswissenschaften Speyer	Universitäten	öffentlich-rechtlich	Rheinland-Pfalz	260	1947	Ja	Ja	Freiherr-vom-Stein-Straße 2	67346	Speyer	1409	67324	Speyer	6232	654-0	654-208	http://www.uni-speyer.de	1
247	Stralsund H	Hochschule Stralsund	Hochschule Stralsund	Fachhochschulen / HAW	öffentlich-rechtlich	Mecklenburg-Vorpommern	1770	1991	Nein	Nein	Zur Schwedenschanze 15	18435	Stralsund				3831	45-7006		www.hochschule-stralsund.de	1
156	Stuttgart AKAD	AKAD Hochschule Stuttgart - staatlich anerkannt	AKAD Hochschule Stuttgart	Fachhochschulen / HAW	privat, staatlich anerkannt	Baden-Württemberg	6633	1959	Nein	Nein	Heilbronner Str. 86	70191	Stuttgart				711	81495-400		https://www.akad.de/?wkz=7007AA	0
253	Stuttgart AkdBK	Staatliche Akademie der Bildenden Künste Stuttgart	Staatliche Akademie der Bildenden Künste Stuttgart	Künstlerische Hochschulen	öffentlich-rechtlich	Baden-Württemberg	784	1761	Ja	Ja	Am Weißenhof 1	70191	Stuttgart				711	28440-0	28440-102	http://www.abk-stuttgart.de	1
251	Stuttgart H	Hochschule für Technik Stuttgart	Hochschule für Technik Stuttgart	Fachhochschulen / HAW	öffentlich-rechtlich	Baden-Württemberg	3984	1832	Nein	Nein	Schellingstraße 24	70174	Stuttgart	101452	70013	Stuttgart	711	8926 2662	8926 2666	http://www.hft-stuttgart.de	1
250	Stuttgart HdM	Hochschule der Medien Stuttgart	Hochschule der Medien Stuttgart	Fachhochschulen / HAW	öffentlich-rechtlich	Baden-Württemberg	5393	1903	Nein	Nein	Nobelstraße 10	70569	Stuttgart				711	8923 10	8923 11	http://www.hdm-stuttgart.de	1
254	Stuttgart HfM	Staatliche Hochschule für Musik und Darstellende Kunst Stuttgart	Hochschule für Musik und Darstellende Kunst Stuttgart	Künstlerische Hochschulen	öffentlich-rechtlich	Baden-Württemberg	804	1857	Ja	Nein	Urbanstraße 25	70182	Stuttgart				711	212-4620	212-4639	http://www.hmdk-stuttgart.de	1
252	Stuttgart MerzAk	Merz Akademie Hochschule für Gestaltung, Kunst und Medien, Stuttgart - Staatlich anerkannt	Merz Akademie Stuttgart	Fachhochschulen / HAW	privat, staatlich anerkannt	Baden-Württemberg	205	1985	Nein	Nein	Teckstraße 58	70190	Stuttgart				711	26866-0	26866-21	http://www.merz-akademie.de	0
248	Stuttgart U	Universität Stuttgart	Universität Stuttgart	Universitäten	öffentlich-rechtlich	Baden-Württemberg	20620	1829	Ja	Ja	Keplerstraße 7	70174	Stuttgart	10 60 37	70049	Stuttgart	711	685-0	685-82271	http://www.uni-stuttgart.de	1
343	Südwestfalen FH	Fachhochschule Südwestfalen	Fachhochschule Südwestfalen	Fachhochschulen / HAW	öffentlich-rechtlich	Nordrhein-Westfalen	10183	2002	Nein	Nein	Baarstraße 6	58636	Iserlohn	2061	58590	Iserlohn	2371	566-538	566-289	https://www.fh-swf.de	1
369	Teltow HAM	Hochschule für angewandtes Management	Hochschule für angewandtes Management	Fachhochschulen / HAW	privat, staatlich anerkannt	Brandenburg	3510	2004	Nein	Nein	Rheinstraße 11	14513	Teltow				89	4535457-0	4535457-999	http://www.fham.de	0
308	Trier H	Hochschule Trier - Trier University of Applied Sciences	Hochschule Trier	Fachhochschulen / HAW	öffentlich-rechtlich	Rheinland-Pfalz	6426	1971	Nein	Nein	Schneidershof	54293	Trier	1826	54208	Trier	651	8103-0	8103-333	http://www.hochschule-trier.de/	1
256	Trier ThFak	Theologische Fakultät Trier	Theologische Fakultät Trier	Universitäten	kirchlich, staatlich anerkannt	Rheinland-Pfalz	149	1950	Ja	Ja	Universitätsring 19	54296	Trier				651	201-3520	201-3951	https://theologie-trier.de/	1
255	Trier U	Universität Trier	Universität Trier	Universitäten	öffentlich-rechtlich	Rheinland-Pfalz	10357	1970	Ja	Ja	Universitätsring 15	54296	Trier				651	201-2805		http://www.uni-trier.de	1
257	Trossingen HfM	Staatliche Hochschule für Musik Trossingen	Staatliche Hochschule für Musik Trossingen	Künstlerische Hochschulen	öffentlich-rechtlich	Baden-Württemberg	434	1944	Ja	Nein	Schultheiß-Koch-Platz 3	78647	Trossingen				7425	9491-0	9491-48	https://www.hfm-trossingen.de	1
75	Tübingen HfKiM	Hochschule für Kirchenmusik der Evangelischen Landeskirche in Württemberg	Hochschule für Kirchenmusik Tübingen	Künstlerische Hochschulen	kirchlich, staatlich anerkannt	Baden-Württemberg	24	1945	Nein	Nein	Gartenstraße 12	72074	Tübingen				7071	925-997	925-998	http://www.kirchenmusikhochschule.de	0
258	Tübingen U	Eberhard Karls Universität Tübingen	Universität Tübingen	Universitäten	öffentlich-rechtlich	Baden-Württemberg	28258	1477	Ja	Ja	Geschwister-Scholl-Platz	72074	Tübingen				7071	29-0	29-5990	http://www.uni-tuebingen.de	1
260	Ulm TH	Technische Hochschule Ulm	Technische Hochschule Ulm	Fachhochschulen / HAW	öffentlich-rechtlich	Baden-Württemberg	2914	1960	Nein	Nein	Prittwitzstraße 10	89075	Ulm	38 60	89028	Ulm	731	96537-100	96537-120	http://www.thu.de	1
259	Ulm U	Universität Ulm	Universität Ulm	Universitäten	öffentlich-rechtlich	Baden-Württemberg	9814	1967	Ja	Ja	Albert-Einstein-Allee 11	89081	Ulm		89069	Ulm	731	50-10	50-22038	http://www.uni-ulm.de	1
262	Vallendar VP-Uni	Vinzenz Pallotti University - kirchlich und staatlich anerkannte wissenschaftliche Hochschule in freier Trägerschaft	Vinzenz Pallotti University	Universitäten	kirchlich, staatlich anerkannt	Rheinland-Pfalz	444	1896	Ja	Ja	Pallottistraße 3	56179	Vallendar	1406	56174	Vallendar	261	6402-519	6402-300	https://vp-uni.de/	0
261	Vallendar WHU	WHU - Otto Beisheim School of Management	WHU Vallendar	Universitäten	privat, staatlich anerkannt	Rheinland-Pfalz	2000	1984	Ja	Ja	Burgplatz 2	56179	Vallendar				261	6509-0	6509-509	http://www.whu.edu	1
320	Vechta/Diepholz PHWT	Private Hochschule für Wirtschaft und Technik Vechta/Diepholz	PHWT Vechta/Diepholz	Fachhochschulen / HAW	privat, staatlich anerkannt	Niedersachsen	497	1998	Nein	Nein	Rombergstraße 40	49377	Vechta				4441	915-0	915-109	https://www.phwt.de	0
293	Vechta U	Universität Vechta	Universität Vechta	Universitäten	öffentlich-rechtlich	Niedersachsen	3500	1995	Ja	Ja	Driverstraße 22	49377	Vechta	1553	49364	Vechta	4441	15-0	15-444	http://www.uni-vechta.de	1
263	Wedel FH	Fachhochschule Wedel	Fachhochschule Wedel	Fachhochschulen / HAW	privat, staatlich anerkannt	Schleswig-Holstein	988	1948	Nein	Nein	Feldstraße 143	22880	Wedel				4103	8048-0	8048-39	http://www.fh-wedel.de	0
264	Weihenstephan-Triesdorf H	Hochschule für angewandte Wissenschaften Weihenstephan-Triesdorf	Hochschule Weihenstephan-Triesdorf	Fachhochschulen / HAW	öffentlich-rechtlich	Bayern	5680	1971	Ja, zeitlich und fachlich begrenzt	Nein	Am Hofgarten 4	85354	Freising				8161	71-0	71-4207	https://www.hswt.de/	1
267	Weimar HfM	Hochschule für Musik Franz Liszt Weimar	Hochschule für Musik Weimar	Künstlerische Hochschulen	öffentlich-rechtlich	Thüringen	755	1872	Ja	Nein	Platz der Demokratie 2/3	99423	Weimar	2552	99406	Weimar	3643	555-0	555-188	http://www.hfm-weimar.de	1
266	Weimar U	Bauhaus-Universität Weimar	Universität Weimar	Universitäten	öffentlich-rechtlich	Thüringen	3821	1860	Ja	Ja	Geschwister-Scholl-Straße 8	99423	Weimar		99421	Weimar	3643	58-0	58-1120	http://www.uni-weimar.de/studium	1
268	Weingarten PH	Pädagogische Hochschule Weingarten	Pädagogische Hochschule Weingarten	Universitäten	öffentlich-rechtlich	Baden-Württemberg	3190	1949	Ja	Ja	Kirchplatz 2	88250	Weingarten				751	501-0	501-8200	https://www.ph-weingarten.de/die-ph-weingarten/	1
427	Weserbergland H	Hochschule Weserbergland	Hochschule Weserbergland	Fachhochschulen / HAW	privat, staatlich anerkannt	Niedersachsen	443	2010	Nein	Nein	Am Stockhof 2	31785	Hameln		31785	Hameln	5151	95590	45271	https://www.hsw-hameln.de	0
95	Westfälische H	Westfälische Hochschule Gelsenkirchen, Bocholt, Recklinghausen	Westfälische Hochschule	Fachhochschulen / HAW	öffentlich-rechtlich	Nordrhein-Westfalen	7154	1992	Nein	Nein	Neidenburger Straße 43	45897	Gelsenkirchen		45877	Gelsenkirchen	209	9596-0	9596-445	http://www.w-hs.de	1
269	Westküste FH	Fachhochschule Westküste, Hochschule für Wirtschaft und Technik	Fachhochschule Westküste	Fachhochschulen / HAW	öffentlich-rechtlich	Schleswig-Holstein	1379	1994	Nein	Nein	Fritz-Thiedemann-Ring 20	25746	Heide				481	8555-0	8555-101	http://www.fh-westkueste.de	1
558	Wiesbaden CFH	Charlotte Fresenius Hochschule	Charlotte Fresenius Hochschule	Universitäten	privat, staatlich anerkannt	Hessen	1508	2021	Nein	Nein	Moritzstr. 17a	65185	Wiesbaden				800	7244 117		https://www.charlotte-fresenius-uni.de/?crmid=aBbWvOcHiAaAaAaA	0
272	Wildau TH	Technische Hochschule Wildau	Technische Hochschule Wildau	Fachhochschulen / HAW	öffentlich-rechtlich	Brandenburg	3314	1991	Nein	Nein	Hochschulring 1	15745	Wildau				3375	508-300	500-324	http://www.th-wildau.de/	1
406	Wilhelmshaven/Oldenburg/Elsfleth H	Jade Hochschule -  Wilhelmshaven/Oldenburg/Elsfleth	Jade Hochschule	Fachhochschulen / HAW	öffentlich-rechtlich	Niedersachsen	6091	2009	Nein	Nein	Friedrich-Paffrath-Straße 101	26389	Wilhelmshaven				4421	985-0	985-2304	http://www.jade-hs.de	1
274	Wismar H	Hochschule Wismar - University of Applied Sciences: Technology, Business and Design	Hochschule Wismar	Fachhochschulen / HAW	öffentlich-rechtlich	Mecklenburg-Vorpommern	7262	1908	Nein	Nein	Philipp-Müller-Straße 14	23966	Wismar	1210	23952	Wismar	3841	753-0	753-7383	https://www.hs-wismar.de	1
275	Witten/Herdecke U	Private Universität Witten/Herdecke gGmbH	Universität Witten/Herdecke	Universitäten	privat, staatlich anerkannt	Nordrhein-Westfalen	3242	1982	Ja	Ja	Alfred-Herrhausen-Str. 50	58455	Witten				2302	926-0		https://www.uni-wh.de/	1
126	Witten HfKiM	Hochschule für Kirchenmusik der Evangelischen Kirche von Westfalen	Hochschule für Kirchenmusik der Evangelischen Kirche von Westfalen	Künstlerische Hochschulen	kirchlich, staatlich anerkannt	Nordrhein-Westfalen	39	1948	Nein	Nein	Ruhrstraße 48	58452	Witten				2302	28 222 82		https://www.hochschule-kirchenmusik.de	0
309	Worms H	Hochschule Worms, University of Applied Sciences	Hochschule Worms	Fachhochschulen / HAW	öffentlich-rechtlich	Rheinland-Pfalz	3111	1996	Nein	Nein	Erenburgerstr. 19	67549	Worms				6241	509-0	509-281	http://www.hs-worms.de	1
281	Wuppertal KiH	Kirchliche Hochschule Wuppertal	Kirchliche Hochschule Wuppertal	Universitäten	kirchlich, staatlich anerkannt	Nordrhein-Westfalen	160	1935	Ja	Ja	Missionsstraße 9 a/b	42285	Wuppertal				202	2820-502	2820-101	https://www.kiho-wuppertal.de/	1
279	Wuppertal U	Bergische Universität Wuppertal	Bergische Universität Wuppertal	Universitäten	öffentlich-rechtlich	Nordrhein-Westfalen	20724	1972	Ja	Ja	Gaußstraße 20	42119	Wuppertal		42097	Wuppertal	202	439-0	439-2901	https://www.uni-wuppertal.de/de/	1
278	Würzburg HfM	Hochschule für Musik Würzburg	Hochschule für Musik Würzburg	Künstlerische Hochschulen	öffentlich-rechtlich	Bayern	576	1804	Ja	Nein	Hofstallstraße 6-8	97070	Würzburg				931	32187-0	32187-2800	http://www.hfm-wuerzburg.de	1
277	Würzburg-Schweinfurt TH	Technische Hochschule Würzburg-Schweinfurt	Technische Hochschule Würzburg-Schweinfurt	Fachhochschulen / HAW	öffentlich-rechtlich	Bayern	9131	1971	Ja, zeitlich und fachlich begrenzt	Nein	Münzstraße 12	97070	Würzburg				931	3511-6180	3511-6994	http://www.thws.de	1
276	Würzburg U	Julius-Maximilians-Universität Würzburg	Universität Würzburg	Universitäten	öffentlich-rechtlich	Bayern	26024	1402	Ja	Ja	Sanderring 2	97070	Würzburg				931	31-83183	31-82600	http://www.uni-wuerzburg.de	1
282	Zittau/ Görlitz H	Hochschule Zittau/Görlitz	Hochschule Zittau/ Görlitz	Fachhochschulen / HAW	öffentlich-rechtlich	Sachsen	2377	1992	Nein	Nein	Theodor-Körner-Allee 16	2763	Zittau	1454	2754	Zittau	3583	6120	6123009	http://www.hszg.de/	1
283	Zwickau H	Westsächsische Hochschule Zwickau	Westsächsische Hochschule	Fachhochschulen / HAW	öffentlich-rechtlich	Sachsen	2956	1897	Nein	Nein	Kornmarkt 1	8056	Zwickau	201037	8012	Zwickau	375	536-0	536-1007	http://www.whz.de	1
